time,position,h1,h2,at
2024-12-03 01:39:32.237158,0,196,941,38.2
2024-12-03 01:40:30.79094,0,196,968,39.2
2024-12-03 01:42:28.027005,0,196,891,36.5
2024-12-03 01:54:11.178401,0,196,983,36.5
2024-12-03 01:57:06.896243,0,196,965,41.2
2024-12-03 01:58:05.455401,0,196,856,41.2
2024-12-03 03:49:25.148962,0,196,531,37.5
2024-12-03 03:51:22.420328,0,196,1003,37.5
2024-12-03 04:19:41.508749,0,196,962,36.5
2024-12-03 04:51:55.187646,0,196,974,38.5
2024-12-03 04:52:53.634772,0,196,975,38.8
2024-12-03 04:53:52.58161,0,196,985,39.8
2024-12-03 04:55:49.416111,0,196,948,42.5
2024-12-03 05:07:32.55495,0,196,992,40.8
2024-12-03 05:08:31.195326,0,196,982,38.5
2024-12-03 05:10:28.472061,0,196,1006,35.5
2024-12-03 05:21:12.857785,0,196,954,43
2024-12-03 05:36:50.335972,0,196,844,38.5
2024-12-03 05:37:48.897792,0,196,958,38.2
2024-12-03 05:38:47.907884,0,196,876,39.5
2024-12-03 05:40:44.669494,0,196,974,43.8
2024-12-03 05:54:24.94193,0,196,936,41.5
2024-12-03 05:55:23.561169,0,196,998,43.5
2024-12-03 06:15:09.530111,0,196,968,44.8
2024-12-03 06:16:08.111502,0,196,1011,44.5
2024-12-03 06:28:49.972857,0,471,966,48
2024-12-03 08:24:03.822791,0,196,990,41.2
2024-12-03 08:25:02.449222,0,196,884,38.8
2024-12-03 08:26:59.624936,0,196,866,39.2
2024-12-03 08:27:58.231216,0,196,970,39.8
2024-12-03 08:41:38.523691,0,196,962,44.8
2024-12-03 08:44:34.293324,0,196,959,46
2024-12-03 09:10:56.360648,0,196,744,36.8
2024-12-03 09:11:55.525778,0,196,977,38.8
2024-12-03 09:12:53.526919,0,196,980,39.2
2024-12-03 10:56:32.639208,2,1276,1282,24.8
2024-12-03 10:57:23.001712,0,196,940,40.2
2024-12-03 11:09:06.105208,0,196,964,42.8
2024-12-03 11:10:04.727762,0,196,714,42.2
2024-12-03 11:11:03.27168,0,196,964,42.5
2024-12-03 11:11:18.727214,2,1278,1282,23.5
2024-12-03 11:12:01.869426,0,196,862,42.5
2024-12-03 11:13:15.907084,2,1278,1282,23.5
2024-12-03 11:19:07.527113,2,1276,1282,23.8
2024-12-03 11:21:47.802486,0,196,967,43.2
2024-12-03 11:23:01.867848,2,1277,0,23.8
2024-12-03 11:23:45.059864,0,196,876,41
2024-12-03 11:32:32.327741,0,198,827,44.2
2024-12-03 11:39:22.53947,0,196,979,38.8
2024-12-03 11:40:21.038932,0,196,923,39.5
2024-12-03 11:41:19.688828,0,196,885,42.8
2024-12-03 11:53:18.260326,2,1277,1282,24
2024-12-03 11:55:15.439664,2,1278,1282,24
2024-12-03 12:05:01.389953,2,1276,1282,24
2024-12-03 12:05:44.525038,0,196,939,44.8
2024-12-03 12:06:58.520206,2,1276,1282,24.2
2024-12-03 12:07:57.170124,2,1276,1282,24.2
2024-12-03 12:15:45.849665,2,1279,1282,24.5
2024-12-03 12:16:29.161935,0,463,991,46.5
2024-12-03 12:17:44.21984,2,1279,1282,24.5
2024-12-03 12:19:24.870379,0,468,627,46.2
2024-12-03 12:19:40.229649,2,1277,1282,24.8
2024-12-03 12:26:14.97677,0,496,750,47.2
2024-12-03 12:26:30.439557,2,1277,1282,24.8
2024-12-03 12:27:13.571231,0,440,940,47.8
2024-12-03 12:27:28.984538,2,1277,1282,24.8
2024-12-03 12:28:12.159592,0,424,914,47.8
2024-12-03 12:28:27.580626,2,1278,1281,24.8
2024-12-03 12:29:10.749458,0,478,766,47.5
2024-12-03 12:29:26.229939,2,1277,1280,24.8
2024-12-03 12:30:09.355618,0,462,965,49.5
2024-12-03 12:30:24.819729,2,1278,1280,24.8
2024-12-03 12:31:07.922009,0,476,962,52
2024-12-03 12:37:14.929723,2,1276,1283,24.8
2024-12-03 12:37:58.070857,0,458,843,45.5
2024-12-03 12:39:55.24866,0,450,947,45.2
2024-12-03 12:40:10.699615,2,1281,1284,24.5
2024-12-03 12:40:53.913438,0,437,930,46
2024-12-03 12:42:07.909422,2,1281,1284,24.2
2024-12-03 12:48:42.65068,0,456,959,46.8
2024-12-03 12:49:41.191523,0,467,954,48.2
2024-12-03 12:50:40.037823,0,497,768,42.2
2024-12-03 12:51:38.430867,0,479,747,44
2024-12-03 12:51:53.839508,2,1282,1284,24
2024-12-03 12:52:36.973566,0,486,992,45.8
2024-12-03 13:18:00.630964,0,196,979,32.8
2024-12-03 13:18:15.829937,2,1275,1280,24.5
2024-12-03 13:18:59.156857,0,198,958,41.2
2024-12-03 13:20:56.215107,0,198,930,45
2024-12-03 13:21:11.609463,2,1273,1278,24.5
2024-12-03 13:22:10.219979,2,1274,1278,24.5
2024-12-03 13:25:06.00051,2,1276,1278,24.5
2024-12-03 13:26:04.569481,2,1274,1278,24.5
2024-12-03 13:26:47.784095,0,196,946,47.8
2024-12-03 13:27:46.398573,0,196,913,47
2024-12-03 13:28:45.074154,0,196,887,45.8
2024-12-03 13:29:00.34212,2,1276,1278,24.5
2024-12-03 13:29:43.575106,0,196,948,44.2
2024-12-03 13:30:42.165771,0,196,956,45
2024-12-03 13:34:57.925064,2,1275,1278,24.5
2024-12-03 01:33:40.683898,0,196,887,33.8
2024-12-03 01:35:37.851061,0,196,974,30.8
2024-12-03 01:43:26.558384,0,196,975,36
2024-12-03 01:44:25.178528,0,196,971,37.8
2024-12-03 01:45:23.785946,0,196,923,38
2024-12-03 01:47:20.946464,0,196,958,38.8
2024-12-03 01:59:04.128252,0,196,426,36.2
2024-12-03 03:50:23.650059,0,196,990,35.8
2024-12-03 03:52:21.291696,0,196,978,36.2
2024-12-03 03:53:19.557353,0,196,968,38.2
2024-12-03 04:20:40.127055,0,196,1006,36.8
2024-12-03 04:54:50.844799,0,196,953,41
2024-12-03 04:56:47.972505,0,196,761,43
2024-12-03 04:57:46.962972,0,196,998,41.2
2024-12-03 05:09:29.700729,0,196,989,36.8
2024-12-03 05:11:26.865663,0,196,948,37.5
2024-12-03 05:23:10.088076,0,196,744,42
2024-12-03 05:24:08.586481,0,196,846,42.5
2024-12-03 05:25:07.626179,0,196,980,44.8
2024-12-03 05:26:05.761994,0,196,869,44.5
2024-12-03 05:39:46.129606,0,196,955,43.2
2024-12-03 05:43:40.447981,0,196,848,41
2024-12-03 05:57:20.749671,0,196,949,43.8
2024-12-03 05:58:19.739948,0,196,990,44.2
2024-12-03 06:17:06.84167,0,196,845,45.5
2024-12-03 06:18:05.679039,0,196,982,44.5
2024-12-03 06:29:48.407026,0,474,978,49.2
2024-12-03 08:28:56.802432,0,196,976,40
2024-12-03 08:29:55.458223,0,196,867,40.2
2024-12-03 08:45:32.907936,0,196,926,45.5
2024-12-03 08:47:30.23872,0,196,969,47.2
2024-12-03 08:50:25.844869,0,460,970,48.2
2024-12-03 09:35:21.489877,0,196,974,34.2
2024-12-03 09:36:20.206734,0,196,972,38.2
2024-12-03 09:38:17.038204,0,196,937,41.8
2024-12-03 10:57:31.289005,2,1277,1282,24.8
2024-12-03 10:58:21.83217,0,196,982,39
2024-12-03 10:59:20.168032,0,196,760,36
2024-12-03 11:10:20.1871,2,1276,1282,23.8
2024-12-03 11:12:17.377379,2,1277,1284,23.8
2024-12-03 11:13:00.474874,0,196,956,41.5
2024-12-03 11:13:59.042652,0,196,960,42.2
2024-12-03 11:24:00.477448,2,1277,1282,23.8
2024-12-03 11:24:43.606069,0,196,940,40.8
2024-12-03 11:26:41.440861,0,196,982,45.2
2024-12-03 11:33:31.006494,0,198,973,43.2
2024-12-03 11:33:46.40787,2,1277,1282,24.5
2024-12-03 11:35:43.597662,2,772,1281,24.8
2024-12-03 11:43:16.944897,0,196,877,36.8
2024-12-03 11:44:16.026354,0,196,1000,35.5
2024-12-03 11:49:08.784935,0,196,1002,32.5
2024-12-03 11:50:22.489421,2,3840,1282,24
2024-12-03 11:57:55.842648,0,196,748,40
2024-12-03 11:59:09.829867,2,1276,1282,24
2024-12-03 12:00:51.570272,0,196,903,44.8
2024-12-03 12:01:06.970225,2,1278,1282,24
2024-12-03 12:06:43.061053,0,196,928,45.8
2024-12-03 12:07:42.036846,0,196,989,46.2
2024-12-03 12:08:40.297912,0,196,846,42
2024-12-03 12:08:55.789802,2,1277,1282,24.2
2024-12-03 12:09:38.830314,0,196,952,45.5
2024-12-03 12:09:54.289382,2,1279,1282,24.5
2024-12-03 12:10:37.648047,0,196,1000,44.8
2024-12-03 12:16:44.479443,2,1278,1282,24.5
2024-12-03 12:17:27.6889,0,463,962,45.8
2024-12-03 12:18:26.276569,0,506,956,47.2
2024-12-03 12:18:41.659732,2,1277,1281,24.8
2024-12-03 12:20:23.406952,0,478,972,45.2
2024-12-03 12:20:38.899657,2,1276,1281,24.8
2024-12-03 12:31:23.389815,2,1275,1280,24.8
2024-12-03 12:33:20.549619,2,1279,1281,24.8
2024-12-03 12:34:03.699877,0,451,728,47.8
2024-12-03 12:35:17.789672,2,1279,1281,24.8
2024-12-03 12:41:09.350402,2,1279,1283,24.2
2024-12-03 12:41:52.469314,0,483,894,41.5
2024-12-03 12:42:51.046112,0,452,728,44.2
2024-12-03 12:43:06.490547,2,1282,1283,24.2
2024-12-03 12:43:49.757237,0,448,947,46.5
2024-12-03 12:45:03.669755,2,1280,1284,24.2
2024-12-03 12:52:52.409594,2,1280,1284,24
2024-12-03 12:55:48.219882,2,1279,1283,24
2024-12-03 12:56:46.77988,2,1278,1282,24
2024-12-03 12:57:45.370006,2,1276,1281,24.2
2024-12-03 12:58:44.019831,2,1278,1281,24.2
2024-12-03 12:59:42.549917,2,1276,1280,24.2
2024-12-03 13:00:41.139952,2,1274,1280,24.2
2024-12-03 13:01:39.789793,2,1277,1280,24.2
2024-12-03 13:02:38.329836,2,1275,1280,24.2
2024-12-03 13:03:36.93979,2,1275,1280,24.2
2024-12-03 13:04:35.560511,2,1276,1280,24.5
2024-12-03 13:05:34.129817,2,1274,1280,24.5
2024-12-03 13:06:34.289912,2,1276,1279,24.5
2024-12-03 13:07:31.300072,2,1275,1278,24.5
2024-12-03 13:08:29.86978,2,1276,1278,24.5
2024-12-03 13:09:28.49972,2,1276,1278,24.5
2024-12-03 13:10:27.089919,2,1277,1280,24.5
2024-12-03 13:11:25.679937,2,1278,1280,24.5
2024-12-03 13:12:24.250127,2,1276,1280,24.5
2024-12-03 13:13:22.879901,2,1275,1278,24.5
2024-12-03 13:14:21.459801,2,1275,1278,24.5
2024-12-03 13:15:20.049883,2,1277,1280,24.5
2024-12-03 13:16:18.660893,2,1277,1279,24.5
2024-12-03 01:34:39.23024,0,196,422,31.5
2024-12-03 01:46:22.348275,0,196,868,38.8
2024-12-03 02:00:02.698826,0,196,948,37.2
2024-12-03 02:01:01.24133,0,196,984,39.2
2024-12-03 02:01:59.856046,0,196,662,34.2
2024-12-03 02:02:58.467373,0,196,984,35.2
2024-12-03 03:54:18.047319,0,196,964,39.8
2024-12-03 03:55:16.702098,0,196,994,39.8
2024-12-03 04:42:09.169902,0,196,984,36.8
2024-12-03 04:44:06.477216,0,196,968,34.2
2024-12-03 04:58:45.968007,0,196,956,39.2
2024-12-03 04:59:43.793248,0,196,959,41
2024-12-03 05:12:25.458679,0,196,980,41.2
2024-12-03 05:15:21.238129,0,196,958,43.8
2024-12-03 05:27:04.938904,0,196,758,42.8
2024-12-03 05:30:00.170679,0,196,962,40.5
2024-12-03 05:30:59.051614,0,196,974,39.8
2024-12-03 05:42:41.892004,0,196,854,45
2024-12-03 05:44:39.0492,0,196,962,43
2024-12-03 05:45:37.969192,0,196,979,41.8
2024-12-03 05:59:17.960565,0,196,973,45.5
2024-12-03 06:00:16.651401,0,197,962,43.2
2024-12-03 06:19:03.898531,0,196,968,44
2024-12-03 06:20:02.449227,0,196,920,46.8
2024-12-03 06:21:59.805257,0,198,964,46.5
2024-12-03 07:10:49.453054,0,196,989,44
2024-12-03 07:11:47.993948,0,196,754,39.5
2024-12-03 07:13:45.196251,0,196,961,40.8
2024-12-03 07:14:43.717708,0,196,953,42.5
2024-12-03 08:30:54.054157,0,196,965,43.5
2024-12-03 08:31:52.705418,0,196,956,43.2
2024-12-03 08:33:49.90622,0,196,990,40.8
2024-12-03 08:46:31.699768,0,196,976,46.2
2024-12-03 08:48:28.733899,0,198,968,47.8
2024-12-03 09:37:18.432781,0,196,867,40.2
2024-12-03 09:39:15.55942,0,196,762,41.5
2024-12-03 09:40:14.175102,0,196,969,40.8
2024-12-03 10:58:29.889411,2,1276,1282,24.8
2024-12-03 10:59:28.444202,2,1276,1282,24.8
2024-12-03 11:02:24.199169,2,1277,1282,24.8
2024-12-03 11:14:14.496843,2,1276,1282,23.8
2024-12-03 11:16:54.800373,0,196,980,43.8
2024-12-03 11:17:53.431086,0,196,956,43.2
2024-12-03 11:18:08.937336,2,1276,1282,23.5
2024-12-03 11:24:59.057123,2,1277,1284,24.8
2024-12-03 11:25:42.140729,0,196,854,44.8
2024-12-03 11:25:57.617207,2,1277,1279,25
2024-12-03 11:26:56.266955,2,1276,1282,24.8
2024-12-03 11:27:39.372713,0,198,964,40.8
2024-12-03 11:34:29.541458,0,198,1013,39.8
2024-12-03 11:34:45.027029,2,1279,1282,24.5
2024-12-03 11:36:26.892525,0,196,971,44
2024-12-03 11:50:07.205479,0,196,744,38
2024-12-03 11:51:05.897319,0,196,973,42.2
2024-12-03 11:51:21.100473,2,1279,1282,24.2
2024-12-03 11:52:19.639628,2,1278,1282,24.2
2024-12-03 11:58:11.211108,2,1278,1282,24
2024-12-03 11:58:54.33343,0,196,980,42.2
2024-12-03 11:59:52.969347,0,196,972,43.2
2024-12-03 12:00:08.430025,2,1278,1282,24
2024-12-03 12:01:50.41424,0,196,958,43.5
2024-12-03 12:02:05.619791,2,1281,1283,24
2024-12-03 12:02:48.972465,0,196,1008,40.5
2024-12-03 12:03:47.338053,0,196,924,38.2
2024-12-03 12:10:52.919693,2,1277,1281,24.5
2024-12-03 12:11:51.539521,2,1278,1282,24.5
2024-12-03 12:12:50.100345,2,1278,1282,24.5
2024-12-03 12:13:33.375102,0,198,632,44.8
2024-12-03 12:13:48.682887,2,1279,1282,24.5
2024-12-03 12:15:30.506918,0,462,945,47.2
2024-12-03 12:21:22.137951,0,469,946,46.2
2024-12-03 12:23:19.17523,0,460,952,48.2
2024-12-03 12:24:17.904907,0,467,954,47.5
2024-12-03 12:24:33.219799,2,1277,1281,24.8
2024-12-03 12:32:06.537421,0,579,963,51.2
2024-12-03 12:32:21.979665,2,1276,1280,24.8
2024-12-03 12:33:05.212047,0,472,993,50.5
2024-12-03 12:34:19.160243,2,1279,1282,24.8
2024-12-03 12:35:02.59326,0,474,976,46.2
2024-12-03 12:36:00.980308,0,475,996,46.2
2024-12-03 12:44:05.089454,2,1282,1284,24.2
2024-12-03 12:44:48.263414,0,438,932,47.8
2024-12-03 12:47:44.270056,0,498,852,46
2024-12-03 12:53:35.614877,0,477,852,45.5
2024-12-03 12:53:50.990181,2,1278,1282,24
2024-12-03 12:54:34.209978,0,480,873,45
2024-12-03 12:54:49.639569,2,1279,1284,24
2024-12-03 13:19:57.584893,0,198,956,43.2
2024-12-03 13:20:12.989736,2,1275,1278,24.5
2024-12-03 13:21:54.840417,0,196,723,42.8
2024-12-03 13:22:53.385041,0,196,925,43
2024-12-03 13:23:08.769773,2,1274,1280,24.5
2024-12-03 13:24:50.5982,0,196,996,41
2024-12-03 13:29:58.96979,2,1276,1278,24.5
2024-12-03 13:30:57.569475,2,1275,1278,24.5
2024-12-03 13:31:40.781698,0,196,924,46.5
2024-12-03 13:31:56.089735,2,1276,1278,24.5
2024-12-03 13:32:39.338129,0,198,974,44.5
2024-12-03 13:35:50.475338,2,1275,1278,24.5
2024-12-03 13:36:33.745187,0,474,968,46
2024-12-03 13:36:49.115087,2,1274,1278,24.5
2024-12-03 13:37:32.344012,0,462,965,45
2024-12-03 13:37:47.674695,2,1275,1278,24.8
2024-12-03 13:38:30.927601,0,451,967,47.8
2024-12-03 13:38:46.255033,2,1274,1278,24.5
2024-12-03 01:36:36.513355,0,196,920,34.2
2024-12-03 01:48:19.556602,0,196,949,40
2024-12-03 01:49:18.116573,0,196,920,40
2024-12-03 01:50:16.726482,0,196,862,39.2
2024-12-03 02:03:57.057395,0,196,974,38.8
2024-12-03 02:04:55.691304,0,196,967,39.5
2024-12-03 02:05:54.359415,0,196,863,34.5
2024-12-03 02:06:52.909547,0,196,865,38
2024-12-03 03:56:15.230439,0,196,954,39.8
2024-12-03 03:57:13.809586,0,196,978,39.5
2024-12-03 03:58:12.428069,0,196,980,38.8
2024-12-03 04:43:08.150266,0,196,1012,35.8
2024-12-03 04:45:05.762086,0,196,978,35.2
2024-12-03 04:46:03.473033,0,196,954,35.8
2024-12-03 05:00:42.347174,0,196,860,39.2
2024-12-03 05:13:24.295447,0,196,962,42.2
2024-12-03 05:14:22.88281,0,196,984,43.2
2024-12-03 05:16:19.866059,0,196,984,43.8
2024-12-03 05:17:18.407902,0,196,958,40.8
2024-12-03 05:28:03.161922,0,196,961,39.5
2024-12-03 05:29:01.529454,0,196,753,39.5
2024-12-03 05:32:56.023603,0,196,758,39
2024-12-03 05:46:36.290059,0,196,979,41.8
2024-12-03 05:51:29.244212,0,196,972,45
2024-12-03 06:08:19.333443,0,196,942,40.5
2024-12-03 06:09:18.004824,0,196,965,42.8
2024-12-03 06:10:16.895947,0,196,946,45
2024-12-03 06:21:01.069994,0,197,968,47.8
2024-12-03 06:22:58.231274,0,301,955,46.2
2024-12-03 07:12:46.839743,0,196,955,37.8
2024-12-03 08:34:48.407481,0,196,993,43.2
2024-12-03 08:35:47.072915,0,196,886,41.2
2024-12-03 08:51:24.446371,0,422,922,46
2024-12-03 08:52:23.14763,0,463,953,46.5
2024-12-03 08:53:21.61472,0,470,961,47.2
2024-12-03 08:55:20.716497,0,484,973,46
2024-12-03 08:58:14.905065,0,198,934,45.8
2024-12-03 09:41:12.730863,0,196,977,38
2024-12-03 09:45:15.445265,2,1700,4003,24.5
2024-12-03 09:46:13.965127,2,1276,1282,24.5
2024-12-03 09:47:12.605188,2,1276,1282,24.8
2024-12-03 09:48:11.225585,2,1277,1281,24.8
2024-12-03 09:51:06.964816,2,1274,1280,24.8
2024-12-03 09:52:05.544749,2,1276,1280,24.5
2024-12-03 09:53:04.145003,2,1276,1280,24.5
2024-12-03 09:54:02.744891,2,1276,1282,24.5
2024-12-03 09:55:01.29531,2,1275,1281,24.5
2024-12-03 09:55:59.935625,2,1277,1282,24.5
2024-12-03 09:56:58.564915,2,1276,1280,24.5
2024-12-03 09:57:57.104727,2,1276,1280,24.5
2024-12-03 09:58:55.70488,2,1276,1282,24.5
2024-12-03 09:59:54.30481,2,1276,1282,24.5
2024-12-03 10:00:52.884759,2,1276,1282,24.5
2024-12-03 10:01:51.474686,2,1276,1280,24.5
2024-12-03 10:02:50.094942,2,1276,1281,24.5
2024-12-03 10:03:48.654773,2,1276,1282,24.2
2024-12-03 10:04:47.29492,2,1275,1280,24.2
2024-12-03 10:05:45.844767,2,1276,1282,24.5
2024-12-03 10:06:44.494863,2,1276,1282,24.5
2024-12-03 10:07:43.055068,2,1274,1280,24.5
2024-12-03 10:08:41.669654,2,1276,1280,24.5
2024-12-03 10:09:40.259982,2,1274,1280,24.5
2024-12-03 10:10:38.819791,2,1275,1280,24.5
2024-12-03 10:11:37.439793,2,1274,1280,26
2024-12-03 10:12:35.999707,2,1276,1280,25.2
2024-12-03 10:13:34.599708,2,1276,1280,25
2024-12-03 10:14:33.159789,2,1276,1281,24.8
2024-12-03 10:15:31.839764,2,1275,1282,24.8
2024-12-03 10:17:28.999669,2,1274,1280,24.8
2024-12-03 10:18:27.559439,2,1274,1280,24.8
2024-12-03 10:19:26.149395,2,1276,1282,24.5
2024-12-03 10:20:24.709708,2,1275,1281,24.2
2024-12-03 10:21:23.329409,2,1277,1281,24.2
2024-12-03 10:22:21.929557,2,1277,1282,24.2
2024-12-03 10:23:20.519598,2,1276,1281,24
2024-12-03 10:24:19.080334,2,1278,1281,24
2024-12-03 10:25:17.7296,2,4812,1278,24.2
2024-12-03 10:26:16.329502,2,4812,4812,24.2
2024-12-03 10:27:14.849436,2,196,1281,24.5
2024-12-03 10:28:13.509484,2,4812,1282,24.5
2024-12-03 10:29:12.079649,2,1276,200,24.8
2024-12-03 10:30:10.669873,2,1276,1282,24.8
2024-12-03 10:31:09.319553,2,1276,1281,24.8
2024-12-03 10:32:07.869369,2,1276,1280,25
2024-12-03 10:33:06.429551,2,1276,1282,25
2024-12-03 10:34:05.049597,2,1276,1282,25
2024-12-03 10:35:03.649571,2,1276,1282,25
2024-12-03 10:36:02.210169,2,1277,1282,25
2024-12-03 10:37:00.819447,2,1276,1282,25
2024-12-03 10:37:59.450652,2,1276,1282,25
2024-12-03 10:38:58.044466,2,1279,1282,25
2024-12-03 10:39:56.599386,2,1276,1282,25
2024-12-03 10:40:55.239645,2,1276,1282,25
2024-12-03 10:41:53.769357,2,1278,1282,25
2024-12-03 10:42:52.35948,2,1276,1282,25
2024-12-03 10:43:50.999695,2,1276,1282,25
2024-12-03 10:44:49.569237,2,1276,1282,25
2024-12-03 10:45:48.149551,2,1276,1282,25
2024-12-03 10:46:46.761425,2,1276,1282,25
2024-12-03 10:47:45.33964,2,1277,1282,24.8
2024-12-03 10:48:43.939449,2,1276,1282,24.8
2024-12-03 10:49:42.539493,2,1276,1282,24.8
2024-12-03 10:50:32.925273,0,196,982,38
2024-12-03 10:50:41.119056,2,1277,1282,24.8
2024-12-03 10:51:31.414992,0,196,976,39
2024-12-03 10:51:39.710583,2,1278,1282,24.8
2024-12-03 10:53:28.591748,0,196,982,41.8
2024-12-03 01:37:35.029594,0,196,926,36
2024-12-03 01:51:15.337063,0,196,849,39.5
2024-12-03 02:07:51.480875,0,196,421,34.2
2024-12-03 03:59:11.057137,0,196,984,40.8
2024-12-03 04:47:02.263689,0,196,957,36.2
2024-12-03 04:49:57.96592,0,196,978,41
2024-12-03 04:50:56.45745,0,196,998,40.5
2024-12-03 05:01:40.96187,0,196,865,38.2
2024-12-03 05:02:39.507743,0,196,978,39
2024-12-03 05:04:36.745107,0,196,984,42.2
2024-12-03 05:05:35.302704,0,196,966,44.2
2024-12-03 05:06:33.907378,0,196,973,43.8
2024-12-03 05:18:17.028162,0,196,932,40.2
2024-12-03 05:19:15.641736,0,196,961,41.5
2024-12-03 05:31:57.30754,0,196,982,37.5
2024-12-03 05:47:34.850475,0,196,964,43.5
2024-12-03 05:48:33.516863,0,196,958,44.5
2024-12-03 05:49:32.004138,0,196,949,44.2
2024-12-03 05:50:30.962997,0,196,870,44
2024-12-03 05:52:27.805077,0,196,968,44
2024-12-03 06:11:15.162239,0,196,1006,41.5
2024-12-03 06:12:13.71715,0,196,965,43.5
2024-12-03 06:23:56.851898,0,362,883,47
2024-12-03 06:24:55.447739,0,474,965,43.2
2024-12-03 06:27:51.235098,0,442,947,48.8
2024-12-03 07:15:42.383681,0,196,977,42.2
2024-12-03 07:16:41.349913,0,196,987,40
2024-12-03 07:17:39.864483,0,196,992,41.8
2024-12-03 08:36:45.853735,0,196,1005,38
2024-12-03 08:37:44.115231,0,196,978,37.5
2024-12-03 08:38:42.773204,0,196,947,42
2024-12-03 08:54:20.567915,0,473,990,44
2024-12-03 10:52:30.034215,0,196,965,39.8
2024-12-03 10:52:38.319415,2,1280,1282,24.8
2024-12-03 10:54:27.214053,0,196,984,42.8
2024-12-03 10:54:35.509226,2,1276,1282,24.8
2024-12-03 10:55:34.099391,2,1276,1282,24.8
2024-12-03 11:00:18.931807,0,196,998,38
2024-12-03 11:00:27.069454,2,1276,1282,24.8
2024-12-03 11:01:17.695707,0,196,987,39.2
2024-12-03 11:01:25.629481,2,1277,1282,24.8
2024-12-03 11:02:16.224996,0,196,755,38.2
2024-12-03 11:03:22.839404,2,1276,1282,24.8
2024-12-03 11:05:11.707011,0,196,976,38.2
2024-12-03 11:05:20.001085,2,1276,1282,24.2
2024-12-03 11:07:08.995329,0,196,936,38.8
2024-12-03 11:07:17.219272,2,1276,1282,24
2024-12-03 11:14:57.642856,0,196,956,43.2
2024-12-03 11:15:13.147503,2,1276,1282,23.8
2024-12-03 11:15:56.321361,0,196,934,42.8
2024-12-03 11:16:11.705397,2,1277,1282,23.8
2024-12-03 11:17:10.29748,2,1278,1282,23.5
2024-12-03 11:27:54.917458,2,1278,1282,24.8
2024-12-03 11:28:53.436929,2,1278,1282,24.5
2024-12-03 11:29:36.548269,0,198,978,43.5
2024-12-03 11:30:35.33242,0,198,952,45
2024-12-03 11:30:50.666964,2,1276,1282,24.5
2024-12-03 11:31:33.831227,0,198,972,43.2
2024-12-03 11:32:47.786996,2,1277,1282,24.5
2024-12-03 11:37:25.289797,0,196,975,41.5
2024-12-03 11:38:24.025484,0,196,1006,41.8
2024-12-03 11:42:18.284431,0,196,874,40
2024-12-03 11:53:02.957817,0,196,846,39
2024-12-03 11:54:01.381659,0,196,979,40.2
2024-12-03 11:54:16.899736,2,1279,1282,24
2024-12-03 11:54:59.992091,0,196,890,40.2
2024-12-03 11:55:58.892384,0,196,875,36
2024-12-03 11:56:14.064439,2,1278,1282,24
2024-12-03 11:56:57.502225,0,196,756,39
2024-12-03 11:57:12.669778,2,1279,1282,24
2024-12-03 12:03:04.219455,2,1277,1282,24
2024-12-03 12:04:02.739564,2,1279,1282,24
2024-12-03 12:04:45.957954,0,196,956,42.5
2024-12-03 12:05:59.990326,2,1278,1282,24
2024-12-03 12:11:36.079863,0,196,920,45.8
2024-12-03 12:12:34.675087,0,198,1013,42.8
2024-12-03 12:14:31.910622,0,198,838,47.2
2024-12-03 12:14:47.349573,2,1279,1282,24.5
2024-12-03 12:21:37.424882,2,1279,1282,24.8
2024-12-03 12:22:20.587869,0,457,957,47.2
2024-12-03 12:22:36.019613,2,1276,1282,24.8
2024-12-03 12:23:34.709434,2,1280,1281,24.8
2024-12-03 12:25:16.366643,0,461,980,48.5
2024-12-03 12:25:31.839777,2,1276,1281,24.8
2024-12-03 12:36:16.319744,2,1279,1281,24.8
2024-12-03 12:36:59.480237,0,488,976,46.2
2024-12-03 12:38:13.579368,2,1278,1282,24.5
2024-12-03 12:38:56.728268,0,446,934,46.8
2024-12-03 12:39:12.179733,2,1279,1284,24.5
2024-12-03 12:45:46.887186,0,462,961,46.2
2024-12-03 12:46:02.271043,2,1279,1284,24.2
2024-12-03 12:46:45.493406,0,450,828,44.2
2024-12-03 12:47:00.88999,2,1278,1284,24.2
2024-12-03 12:47:59.449371,2,1280,1284,24
2024-12-03 12:48:58.059521,2,1281,1284,24
2024-12-03 12:49:56.660133,2,1280,1285,24
2024-12-03 12:50:55.219784,2,1282,1284,24
2024-12-03 13:17:17.229978,2,1277,1278,24.5
2024-12-03 13:19:14.44112,2,1275,1280,24.5
2024-12-03 13:23:52.061468,0,196,722,44.2
2024-12-03 13:24:07.409627,2,1276,1278,24.5
2024-12-03 13:25:49.221336,0,196,952,45.2
2024-12-03 13:27:03.180011,2,1274,1279,24.5
2024-12-03 13:28:01.779638,2,1275,1280,24.5
2024-12-03 13:33:37.968267,0,198,973,43.5
2024-12-03 13:34:36.568761,0,198,841,44
2024-12-03 13:35:35.23041,0,298,949,45.2
2024-12-03 01:38:33.618177,0,196,873,37.5
2024-12-03 01:41:29.390272,0,196,934,39.8
2024-12-03 01:52:13.894399,0,196,931,39.5
2024-12-03 01:53:12.517487,0,196,985,40
2024-12-03 01:55:09.69179,0,196,968,38.2
2024-12-03 01:56:08.30623,0,196,898,40
2024-12-03 03:07:25.672372,0,196,977,35.2
2024-12-03 04:00:09.587875,0,196,993,36.8
2024-12-03 04:48:00.644573,0,196,964,38.5
2024-12-03 04:48:59.234981,0,196,968,39.2
2024-12-03 05:03:38.155543,0,196,947,40
2024-12-03 05:20:14.298064,0,196,967,41
2024-12-03 05:22:11.43554,0,196,998,42.5
2024-12-03 05:33:54.544512,0,196,928,43
2024-12-03 05:34:53.099686,0,196,951,43
2024-12-03 05:35:51.72025,0,196,850,42
2024-12-03 05:53:26.425871,0,196,870,39.2
2024-12-03 05:56:22.168897,0,196,972,42.8
2024-12-03 06:13:12.338259,0,196,860,43.8
2024-12-03 06:14:11.389243,0,196,964,44
2024-12-03 06:25:54.014316,0,466,961,45.5
2024-12-03 06:26:52.724511,0,440,942,48.2
2024-12-03 08:23:05.306522,0,196,923,40.8
2024-12-03 08:26:00.989255,0,196,998,40.2
2024-12-03 08:40:40.326961,0,196,972,45.2
2024-12-03 08:43:35.673899,0,196,962,46
2024-12-03 08:57:16.000933,0,486,982,44.8
2024-12-03 08:59:13.184993,0,198,954,44.5
2024-12-03 09:00:11.815189,0,198,997,42.8
2024-12-03 10:53:36.959716,2,1276,1282,24.8
2024-12-03 10:55:25.810877,0,196,962,42.2
2024-12-03 10:56:24.381505,0,196,950,42.8
2024-12-03 11:04:21.499491,2,1278,1282,24.2
2024-12-03 11:06:10.363535,0,196,758,39.2
2024-12-03 11:06:18.6192,2,1278,1282,24
2024-12-03 11:08:07.481606,0,196,935,42.2
2024-12-03 11:08:15.789308,2,1278,1282,23.8
2024-12-03 11:18:52.07063,0,196,957,43.8
2024-12-03 11:19:50.600873,0,196,964,44.2
2024-12-03 11:20:06.105537,2,1278,1284,23.8
2024-12-03 11:20:49.207717,0,196,986,44.8
2024-12-03 11:21:04.687329,2,1277,1282,23.8
2024-12-03 11:22:03.298367,2,1277,1282,23.8
2024-12-03 11:22:46.390354,0,196,972,44
2024-12-03 11:28:37.931301,0,196,744,43.5
2024-12-03 11:29:52.007045,2,1278,1282,24.5
2024-12-03 11:31:49.217373,2,1276,1279,24.5
2024-12-03 13:39:29.504116,0,465,962,43.2
2024-12-03 13:39:44.915158,2,1275,1278,24.8
2024-12-03 13:40:28.118779,0,472,847,43.2
2024-12-03 13:40:43.444972,2,1274,1278,24.8
2024-12-03 13:41:26.65955,0,486,946,46.5
2024-12-03 13:41:42.054614,2,1274,1278,24.8
2024-12-03 13:42:25.305213,0,450,905,43.5
2024-12-03 13:42:40.64472,2,1276,1278,24.8
2024-12-03 13:43:23.896097,0,454,950,42.8
2024-12-03 13:43:39.228156,2,1276,1280,24.8
2024-12-03 13:44:22.447511,0,469,929,46.8
2024-12-03 13:44:37.828654,2,1275,1278,24.8
2024-12-03 13:45:21.173804,0,484,864,45.2
2024-12-03 13:45:36.454701,2,1274,1278,24.8
2024-12-03 13:46:19.808889,0,490,1012,45.8
2024-12-03 13:46:35.00505,2,1272,1277,24.8
2024-12-03 13:47:18.274519,0,474,767,45.8
2024-12-03 13:47:33.644827,2,1274,1278,24.8
2024-12-03 13:48:16.886597,0,458,943,45
2024-12-03 13:48:32.234797,2,1273,1278,24.8
2024-12-03 13:49:15.462051,0,452,943,44.8
2024-12-03 13:49:30.796712,2,1276,1278,24.8
2024-12-03 13:50:29.394619,2,1273,1278,24.8
2024-12-03 13:51:12.648028,0,490,956,48
2024-12-03 13:51:27.995011,2,1274,1278,24.8
2024-12-03 13:52:11.238257,0,420,928,48.2
2024-12-03 13:52:26.574977,2,1276,1278,24.8
2024-12-03 13:53:09.902098,0,414,905,50.8
2024-12-03 13:53:25.184674,2,1273,1278,24.8
2024-12-03 13:54:08.41022,0,416,899,52.2
2024-12-03 13:54:23.785088,2,1274,1278,24.8
2024-12-03 13:55:07.005919,0,672,801,50.8
2024-12-03 13:55:22.354872,2,1274,1278,24.8
2024-12-03 13:56:05.626406,0,429,923,50.8
2024-12-03 13:56:20.954985,2,1275,1278,24.8
2024-12-03 13:57:04.298589,0,493,752,48.8
2024-12-03 13:57:19.585189,2,1274,1278,24.8
2024-12-03 13:58:02.91872,0,487,875,43
2024-12-03 13:58:18.115161,2,1274,1278,24.8
2024-12-03 13:59:01.450491,0,432,928,45
2024-12-03 13:59:16.734719,2,1275,1278,24.8
2024-12-03 14:00:00.21989,0,485,990,46.2
2024-12-03 14:00:15.345006,2,1273,1278,24.8
2024-12-03 14:00:58.585419,0,474,965,46.2
2024-12-03 14:01:13.904711,2,1276,1278,24.8
2024-12-03 14:01:57.182609,0,468,958,46
2024-12-03 14:02:12.504954,2,1276,1278,24.8
2024-12-03 14:02:55.799714,0,465,856,45.8
2024-12-03 14:03:11.124677,2,1276,1280,24.8
2024-12-03 14:03:54.328729,0,568,932,45.8
2024-12-03 14:04:09.664954,2,1275,1277,24.8
2024-12-03 14:04:52.954054,0,490,979,46.2
2024-12-03 14:05:08.275426,2,1277,1278,24.8
2024-12-03 14:05:51.959639,0,479,966,45.8
2024-12-03 14:06:06.879563,2,1274,1278,24.8
2024-12-03 14:06:50.116375,0,482,964,45.8
2024-12-03 14:07:05.455102,2,1274,1278,24.8
2024-12-03 14:07:48.726607,0,457,736,46.2
2024-12-03 14:08:04.055139,2,1277,1278,24.8
2024-12-03 14:08:47.968317,0,486,979,47.2
2024-12-03 14:09:02.675256,2,1274,1278,24.8
2024-12-03 14:09:45.899557,0,470,734,45.2
2024-12-03 14:10:01.224784,2,1276,1278,24.8
2024-12-03 14:10:44.544104,0,519,986,46.8
2024-12-03 14:10:59.865083,2,1274,1278,24.8
2024-12-03 14:11:43.131191,0,468,966,46
2024-12-03 14:11:58.454776,2,1275,1278,24.8
2024-12-03 14:12:41.742723,0,450,947,47.8
2024-12-03 14:12:57.05537,2,1273,1279,24.8
2024-12-03 14:13:40.331815,0,456,952,46.8
2024-12-03 14:13:55.624619,2,1274,1277,24.8
2024-12-03 14:14:38.939118,0,434,935,45
2024-12-03 14:14:54.244957,2,1273,1278,24.8
2024-12-03 14:15:37.458831,0,489,975,44.8
2024-12-03 14:15:52.794621,2,1274,1278,24.8
2024-12-03 14:16:36.200824,0,466,959,49
2024-12-03 14:16:51.425131,2,1273,1278,24.8
2024-12-03 14:17:34.730342,0,469,952,47.2
2024-12-03 14:17:50.035224,2,1275,1278,24.8
2024-12-03 14:18:33.300115,0,416,907,47
2024-12-03 14:18:48.554683,2,1273,1278,24.8
2024-12-03 14:19:31.866438,0,461,857,46.5
2024-12-03 14:19:47.1954,2,1272,1278,24.8
2024-12-03 14:20:30.458621,0,1490,958,46.2
2024-12-03 14:20:45.775043,2,1275,1278,24.8
2024-12-03 14:21:29.113715,0,423,725,48.2
2024-12-03 14:21:44.325097,2,1273,1278,24.8
2024-12-03 14:22:27.69538,0,456,838,48.2
2024-12-03 14:22:42.964959,2,1273,1278,24.8
2024-12-03 14:23:26.250166,0,440,936,49
2024-12-03 14:23:41.565087,2,1273,1278,24.8
2024-12-03 14:24:24.866782,0,598,968,49.2
2024-12-03 14:24:40.124602,2,1273,1278,24.8
2024-12-03 14:25:23.416158,0,841,940,49.8
2024-12-03 14:25:38.716504,2,1274,1278,24.8
2024-12-03 14:26:22.092624,0,474,954,49.8
2024-12-03 14:26:37.369568,2,1275,1278,24.8
2024-12-03 14:27:20.658111,0,444,975,50
2024-12-03 14:27:35.915741,2,1273,1278,24.8
2024-12-03 14:28:19.230952,0,484,739,50.8
2024-12-03 14:28:34.50483,2,1272,1278,24.8
2024-12-03 14:29:18.129445,0,463,991,50
2024-12-03 14:29:33.135962,2,1272,1278,24.8
2024-12-03 14:30:16.430517,0,454,962,48.5
2024-12-03 14:30:31.694799,2,1273,1278,24.8
2024-12-03 14:31:14.977598,0,462,947,48.2
2024-12-03 14:31:30.295092,2,1275,1278,24.8
2024-12-03 14:32:13.582034,0,462,965,46.5
2024-12-03 14:32:28.904875,2,1273,1278,24.8
2024-12-03 14:33:12.213766,0,494,987,48.2
2024-12-03 14:33:27.474867,2,1275,1278,24.8
2024-12-03 14:34:10.804145,0,476,980,45.2
2024-12-03 14:34:26.084661,2,1274,1278,24.8
2024-12-03 14:35:09.359841,0,460,942,47.5
2024-12-03 14:35:24.665137,2,1275,1278,24.8
2024-12-03 14:36:07.980081,0,457,840,46
2024-12-03 14:36:23.255253,2,1275,1278,24.8
2024-12-03 14:37:06.880902,0,482,986,45.5
2024-12-03 14:37:21.875001,2,1275,1278,24.8
2024-12-03 14:38:05.13149,0,483,973,45.8
2024-12-03 14:38:20.434642,2,1275,1278,24.8
2024-12-03 14:39:19.00813,2,1274,1278,24.8
2024-12-03 14:39:03.808475,0,501,995,46.2
2024-12-03 14:40:02.758383,0,484,536,41
2024-12-03 14:40:17.645053,2,1274,1278,24.8
2024-12-03 14:41:00.910095,0,434,943,43.8
2024-12-03 14:41:16.215588,2,1272,1278,24.8
2024-12-03 14:41:59.521913,0,457,950,43.5
2024-12-03 14:42:14.814842,2,1273,1278,24.8
2024-12-03 14:42:58.535882,0,468,973,45.2
2024-12-03 14:43:13.445233,2,1275,1278,24.8
2024-12-03 14:43:57.207259,0,467,978,47
2024-12-03 14:44:12.004852,2,1272,1278,24.8
2024-12-03 14:44:55.644129,0,490,873,41
2024-12-03 14:45:10.555011,2,1276,1278,24.8
2024-12-03 14:45:53.93122,0,198,956,37.5
2024-12-03 14:46:09.174797,2,1273,1278,24.8
2024-12-03 14:46:52.534714,0,196,956,39.5
2024-12-03 14:47:07.774993,2,1275,1278,24.8
2024-12-03 14:47:51.094601,0,196,908,43.5
2024-12-03 14:48:06.355056,2,1272,1278,24.8
2024-12-03 14:48:49.80642,0,196,959,41.5
2024-12-03 14:49:04.956019,2,1274,1278,24.8
2024-12-03 14:49:48.311086,0,196,928,42.8
2024-12-03 14:50:05.786564,2,1274,1278,24.8
2024-12-03 14:50:46.987494,0,196,876,44.8
2024-12-03 14:51:02.135052,2,1273,1277,24.8
2024-12-03 14:51:45.698637,0,196,888,41.8
2024-12-03 14:52:00.765026,2,1272,1279,24.8
2024-12-03 14:52:44.153626,0,196,1001,37.5
2024-12-03 14:52:59.355412,2,1274,1278,24.8
2024-12-03 14:53:43.134936,0,196,420,36.2
2024-12-03 14:53:57.925731,2,1275,1278,24.8
2024-12-03 14:54:41.347136,0,196,637,35
2024-12-03 14:54:56.535111,2,1273,1278,24.8
2024-12-03 14:55:39.942443,0,196,996,35.2
2024-12-03 14:55:55.105005,2,1273,1278,24.8
2024-12-03 14:56:38.417857,0,196,992,36
2024-12-03 14:56:53.685045,2,1273,1278,24.8
2024-12-03 14:57:37.138187,0,196,866,41.5
2024-12-03 14:57:52.314679,2,1274,1279,24.8
2024-12-03 14:58:35.654339,0,196,987,45.5
2024-12-03 14:58:50.940885,2,1275,1278,24.8
2024-12-03 14:59:34.309835,0,196,859,45.2
2024-12-03 14:59:49.455305,2,1273,1278,24.8
2024-12-03 15:00:32.820894,0,196,912,47
2024-12-03 15:00:48.09521,2,1274,1278,24.8
2024-12-03 15:01:31.431862,0,196,728,47.5
2024-12-03 15:01:46.696158,2,1272,1278,24.8
2024-12-03 15:02:30.558506,0,196,945,46
2024-12-03 15:02:45.234739,2,1274,1278,24.8
2024-12-03 15:03:28.605412,0,196,978,44.2
2024-12-03 15:03:43.855082,2,1275,1278,24.8
2024-12-03 15:04:27.20911,0,196,876,44.8
2024-12-03 15:04:42.455208,2,1275,1278,24.8
2024-12-03 15:05:25.824774,0,196,987,43
2024-12-03 15:05:41.005208,2,1275,1278,24.8
2024-12-03 15:06:24.370803,0,196,998,42.8
2024-12-03 15:06:39.615168,2,1273,1277,24.8
2024-12-03 15:07:22.991495,0,196,748,42.8
2024-12-03 15:07:38.24557,2,1273,1279,24.8
2024-12-03 15:08:21.597901,0,196,998,42.5
2024-12-03 15:08:36.818268,2,1275,1278,24.8
2024-12-03 15:09:20.158414,0,196,972,43
2024-12-03 15:09:35.445116,2,1275,1278,24.8
2024-12-03 15:10:18.814641,0,196,976,46.2
2024-12-03 15:10:34.025047,2,1272,1278,24.8
2024-12-03 15:11:17.379905,0,196,988,45
2024-12-03 15:11:32.555801,2,1272,1278,24.8
2024-12-03 15:12:15.931393,0,196,984,43.5
2024-12-03 15:12:31.195413,2,1275,1279,24.8
2024-12-03 15:13:14.56124,0,196,880,45.8
2024-12-03 15:13:29.804972,2,1276,1278,24.8
2024-12-03 15:14:13.15755,0,196,868,44
2024-12-03 15:14:28.364631,2,1275,1278,24.8
2024-12-03 15:15:11.782401,0,196,991,43.2
2024-12-03 15:15:26.975004,2,1273,1278,24.8
2024-12-03 15:16:10.32933,0,196,990,43.5
2024-12-03 15:16:25.595259,2,1276,1278,24.8
2024-12-03 15:17:08.929579,0,196,640,42.5
2024-12-03 15:17:24.104651,2,1274,1280,24.8
2024-12-03 15:18:07.551693,0,196,988,40.5
2024-12-03 15:18:22.775158,2,1275,1279,24.8
2024-12-03 15:19:21.345268,2,1276,1280,24.8
2024-12-03 15:20:19.920013,2,1273,1278,24.5
2024-12-03 15:21:18.535063,2,1275,1278,24.8
2024-12-03 15:22:17.130063,2,1275,1278,24.8
2024-12-03 15:23:15.685053,2,1274,1279,24.8
2024-12-03 15:24:14.325165,2,1275,1279,24.8
2024-12-03 15:25:12.935239,2,1274,1280,24.8
2024-12-03 15:26:11.465026,2,1274,1279,24.8
2024-12-03 15:27:10.084926,2,1275,1280,24.8
2024-12-03 15:28:08.685083,2,1274,1279,24.8
2024-12-03 15:29:07.265068,2,1272,1278,24.8
2024-12-03 15:30:05.875644,2,1276,1278,24.8
2024-12-03 15:31:04.484881,2,1273,1278,24.8
2024-12-03 15:32:03.04495,2,1274,1278,24.8
2024-12-03 15:33:01.624992,2,1272,1278,24.8
2024-12-03 15:34:00.255205,2,1274,1279,24.8
2024-12-03 15:34:58.845056,2,1272,1278,24.8
2024-12-03 15:35:57.435006,2,1275,1278,24.8
2024-12-03 15:36:40.946068,0,196,932,36.8
2024-12-03 15:36:56.035008,2,1275,1278,24.8
2024-12-03 15:37:39.496985,0,198,948,38
2024-12-03 15:37:54.595091,2,1272,1278,24.8
2024-12-03 15:38:38.258974,0,198,950,37
2024-12-03 15:38:53.195556,2,1274,1278,24.8
2024-12-03 15:39:36.703647,0,198,914,37.8
2024-12-03 15:39:51.816726,2,1273,1278,24.8
2024-12-03 15:40:35.783385,0,198,652,42.2
2024-12-03 15:40:50.344636,2,1273,1278,24.8
2024-12-03 15:41:33.834058,0,198,997,39
2024-12-03 15:41:48.995048,2,1275,1278,24.8
2024-12-03 15:42:32.410494,0,196,960,39.5
2024-12-03 15:42:47.605126,2,1275,1278,24.8
2024-12-03 15:43:30.935607,0,196,928,40.2
2024-12-03 15:43:46.134691,2,1273,1278,24.8
2024-12-03 15:44:29.556715,0,196,950,44
2024-12-03 15:44:44.775327,2,1274,1278,24.8
2024-12-03 15:45:28.163357,0,196,644,40.8
2024-12-03 15:45:43.365187,2,1272,1278,24.8
2024-12-03 15:46:26.828936,0,196,983,39.8
2024-12-03 15:46:41.935119,2,1275,1278,24.8
2024-12-03 15:47:40.547604,2,1273,1278,24.8
2024-12-03 15:48:39.145115,2,1275,1280,24.8
2024-12-03 15:49:22.657229,0,196,882,44.2
2024-12-03 15:49:37.694684,2,1274,1280,24.8
2024-12-03 15:50:21.107569,0,196,952,44
2024-12-03 15:50:36.325028,2,1275,1280,24.8
2024-12-03 15:51:19.83296,0,196,887,45.8
2024-12-03 15:51:34.924736,2,1277,1282,24.8
2024-12-03 15:52:18.553568,0,196,1006,46.8
2024-12-03 15:52:33.494766,2,1278,1282,24.8
2024-12-03 15:53:16.926388,0,196,959,47.8
2024-12-03 15:53:32.065007,2,1278,1282,24.8
2024-12-03 15:54:15.558414,0,196,965,48.8
2024-12-03 15:54:30.70487,2,1280,1282,24.8
2024-12-03 15:55:14.157568,0,196,948,48.8
2024-12-03 15:55:29.2347,2,1276,1282,24.8
2024-12-03 15:56:12.663423,0,196,948,48
2024-12-03 15:56:27.874979,2,1278,1282,24.8
2024-12-03 15:57:11.27825,0,196,941,49.2
2024-12-03 15:57:26.484675,2,1276,1282,24.8
2024-12-03 15:58:09.902969,0,196,733,44.5
2024-12-03 15:58:25.004865,2,1277,1282,24.8
2024-12-03 15:59:08.450853,0,196,935,44
2024-12-03 15:59:23.654965,2,1278,1282,24.8
2024-12-03 16:00:07.065653,0,198,946,46.2
2024-12-03 16:00:22.245021,2,1277,1281,24.8
2024-12-03 16:01:05.681097,0,250,949,48
2024-12-03 16:01:20.794997,2,1279,1282,24.8
2024-12-03 16:02:04.248134,0,414,948,45
2024-12-03 16:02:19.41552,2,1278,1282,24.8
2024-12-03 16:03:02.842868,0,508,973,46
2024-12-03 16:03:18.02471,2,1276,1282,24.8
2024-12-03 16:04:01.454423,0,465,955,46
2024-12-03 16:04:16.594664,2,1276,1282,24.8
2024-12-03 16:05:00.000209,0,468,958,44.2
2024-12-03 16:05:15.174601,2,1279,1282,24.8
2024-12-03 16:05:58.620493,0,477,952,43.8
2024-12-03 16:06:13.834901,2,1279,1282,24.8
2024-12-03 16:06:57.291704,0,441,944,46.5
2024-12-03 16:07:13.405487,2,1278,1282,24.8
2024-12-03 16:07:55.801616,0,487,970,46.5
2024-12-03 16:08:10.98503,2,1276,1282,24.8
2024-12-03 16:08:54.52314,0,463,856,45.8
2024-12-03 16:09:09.604916,2,1276,1282,24.8
2024-12-03 16:10:08.154703,2,1277,1282,24.8
2024-12-03 16:10:51.605083,0,252,945,43.8
2024-12-03 16:11:06.735062,2,1278,1282,24.8
2024-12-03 16:11:50.260559,0,198,958,41.8
2024-12-03 16:12:05.394712,2,1277,1282,24.8
2024-12-03 16:12:48.90099,0,198,961,43
2024-12-03 16:13:03.94497,2,1277,1282,24.8
2024-12-03 16:13:47.501787,0,198,768,41.5
2024-12-03 16:14:02.53479,2,1275,1282,24.8
2024-12-03 16:14:45.949424,0,196,953,43.2
2024-12-03 16:15:01.184642,2,1274,1281,24.8
2024-12-03 16:15:44.732067,0,198,1016,43
2024-12-03 16:15:59.705987,2,1276,1280,24.8
2024-12-03 16:16:43.179193,0,196,968,37.2
2024-12-03 16:16:58.306379,2,1275,1280,24.8
2024-12-03 16:17:56.965254,2,1276,1280,24.8
2024-12-03 16:18:55.495063,2,1275,1280,24.8
2024-12-03 16:19:54.074928,2,1274,1280,24.8
2024-12-03 16:20:52.735071,2,1276,1280,24.8
2024-12-03 16:21:51.255076,2,1276,1280,24.8
2024-12-03 16:22:49.885002,2,1274,1280,24.8
2024-12-03 16:23:48.495152,2,1276,1280,24.8
2024-12-03 16:24:47.065059,2,1276,1280,24.8
2024-12-03 16:25:45.665119,2,1275,1280,24.8
2024-12-03 16:26:44.265726,2,1276,1280,24.8
2024-12-03 16:27:42.82527,2,1276,1280,24.8
2024-12-03 16:28:41.445251,2,1275,1280,25
2024-12-03 16:29:40.025412,2,1275,1280,25
2024-12-03 16:30:38.566986,2,1274,1280,25
2024-12-03 16:31:37.235192,2,1275,1279,25
2024-12-03 16:32:35.845134,2,1274,1280,25
2024-12-03 16:33:34.37518,2,1276,1279,25
2024-12-03 16:34:32.995354,2,1274,1280,25
2024-12-03 16:35:31.615494,2,1276,1279,25
2024-12-03 16:36:30.15539,2,1274,1279,25
2024-12-03 16:37:28.755157,2,1273,1278,25
2024-12-03 16:38:27.385337,2,1274,1278,25
2024-12-03 16:39:25.915163,2,1274,1278,25
2024-12-03 16:40:24.515518,2,1275,1278,25
2024-12-03 16:41:23.155355,2,1274,1278,25.2
2024-12-03 16:42:21.705078,2,1273,1278,25.2
2024-12-03 16:43:20.335159,2,1272,1278,25.2
2024-12-03 16:44:18.945143,2,1273,1278,25.2
2024-12-03 16:45:17.48623,2,1274,1278,25.2
2024-12-03 16:46:16.095241,2,1274,1278,25.2
2024-12-03 16:47:14.725416,2,1275,1278,25.2
2024-12-03 16:48:13.285243,2,1273,1278,25.2
2024-12-03 16:49:11.885405,2,1274,1278,25.2
2024-12-03 16:50:10.485394,2,1275,1278,25.2
2024-12-03 16:51:09.035361,2,1274,1278,25.2
2024-12-03 16:52:07.67526,2,1275,1278,25.2
2024-12-03 16:53:06.275341,2,1272,1278,25.2
2024-12-03 16:54:04.81517,2,1274,1278,25.2
2024-12-03 16:55:03.465163,2,1272,1278,25.2
2024-12-03 16:56:02.080126,2,1273,1278,25.5
2024-12-03 16:57:00.595212,2,1273,1278,25.5
2024-12-03 16:57:59.205193,2,1273,1278,25.5
2024-12-03 16:58:57.815219,2,1272,1278,25.5
2024-12-03 16:59:56.385222,2,1273,1278,25.5
2024-12-03 17:00:55.005232,2,1276,1278,25.5
2024-12-03 17:01:53.605398,2,1274,1278,25.5
2024-12-03 17:02:52.165177,2,1274,1278,25.5
2024-12-03 17:03:50.765152,2,1274,1278,25.5
2024-12-03 17:04:49.395357,2,1273,1278,25.5
2024-12-03 17:05:47.935237,2,1272,1278,25.5
2024-12-03 17:06:46.555199,2,1275,1278,25.5
2024-12-03 17:07:45.155367,2,1272,1278,25.5
2024-12-03 17:08:43.715323,2,1274,1278,25.5
2024-12-03 17:09:42.325328,2,1273,1278,25.5
2024-12-03 17:10:40.960241,2,1274,1278,25.5
2024-12-03 17:11:39.488345,2,1274,1278,25.5
2024-12-03 17:12:38.105318,2,1274,1278,25.5
2024-12-03 17:13:36.725111,2,1274,1278,25.5
2024-12-03 17:14:35.285144,2,1273,1278,25.5
2024-12-03 17:15:33.910204,2,1273,1278,25.5
2024-12-03 17:16:32.475127,2,1274,1278,25.5
2024-12-03 17:17:31.045189,2,1272,1278,25.5
2024-12-03 17:18:29.645358,2,1274,1278,25.5
2024-12-03 17:19:28.265218,2,1273,1278,25.5
2024-12-03 17:20:26.855142,2,1272,1278,25.5
2024-12-03 17:21:25.455178,2,1274,1278,25.5
2024-12-03 17:22:24.025325,2,1273,1278,25.5
2024-12-03 17:23:22.585147,2,1274,1278,25.8
2024-12-03 17:24:21.225191,2,1273,1278,25.8
2024-12-03 17:25:04.676857,0,196,966,38.2
2024-12-03 17:25:19.836216,2,1274,1278,25.8
2024-12-03 17:26:03.311394,0,196,967,41.5
2024-12-03 17:26:18.410176,2,1272,1278,25.8
2024-12-03 17:27:01.923592,0,198,964,43.5
2024-12-03 17:27:17.045583,2,1274,1278,25.8
2024-12-03 17:28:00.53441,0,198,970,45.2
2024-12-03 17:28:15.614839,2,1272,1278,25.8
2024-12-03 17:28:59.097617,0,198,973,46.2
2024-12-03 17:29:14.165086,2,1273,1278,25.8
2024-12-03 17:29:57.694618,0,196,982,45.2
2024-12-03 17:30:12.805621,2,1273,1278,25.8
2024-12-03 17:30:56.636247,0,196,886,44.2
2024-12-03 17:31:11.394887,2,1273,1278,25.8
2024-12-03 17:31:54.859048,0,196,812,43.5
2024-12-03 17:32:09.955262,2,1272,1278,25.8
2024-12-03 17:32:53.499246,0,196,916,43.2
2024-12-03 17:33:08.55513,2,1273,1278,25.8
2024-12-03 17:33:52.084401,0,196,962,42.5
2024-12-03 17:34:07.175099,2,1275,1278,25.8
2024-12-03 17:34:50.759741,0,196,964,40.5
2024-12-03 17:35:05.750135,2,1272,1278,25.8
2024-12-03 17:35:49.477534,0,196,922,42.2
2024-12-03 17:36:04.315312,2,1275,1278,25.8
2024-12-03 17:36:47.862409,0,196,852,42.2
2024-12-03 17:37:02.92517,2,1272,1278,25.8
2024-12-03 17:37:46.597716,0,196,762,42.5
2024-12-03 17:38:01.485192,2,1273,1278,25.8
2024-12-03 17:38:45.027757,0,196,972,42.5
2024-12-03 17:39:00.125415,2,1274,1278,25.8
2024-12-03 17:39:43.643831,0,196,912,44.2
2024-12-03 17:39:58.734785,2,1273,1278,25.8
2024-12-03 17:40:42.189224,0,196,848,45.8
2024-12-03 17:40:57.27617,2,1272,1277,25.8
2024-12-03 17:41:40.820613,0,196,957,46.5
2024-12-03 17:41:55.905822,2,1272,1278,25.8
2024-12-03 17:42:39.411059,0,196,814,46.5
2024-12-03 17:42:54.484778,2,1273,1278,25.8
2024-12-03 17:43:37.971719,0,196,959,48
2024-12-03 17:43:53.065211,2,1272,1278,25.8
2024-12-03 17:44:36.582079,0,196,964,45.8
2024-12-03 17:44:51.675187,2,1272,1278,25.8
2024-12-03 17:45:35.198668,0,196,860,46
2024-12-03 17:45:50.299207,2,1272,1277,25.8
2024-12-03 17:46:33.764768,0,196,921,46.2
2024-12-03 17:46:48.856455,2,1272,1278,25.8
2024-12-03 17:47:32.35123,0,196,926,46
2024-12-03 17:47:47.434805,2,1273,1278,25.8
2024-12-03 17:48:30.975976,0,196,984,47.5
2024-12-03 17:48:46.055947,2,1272,1278,25.8
2024-12-03 17:49:29.58098,0,196,654,45.5
2024-12-03 17:49:44.634825,2,1273,1278,25.8
2024-12-03 17:50:28.271973,0,196,991,41
2024-12-03 17:50:43.244879,2,1271,1278,25.8
2024-12-03 17:51:26.843385,0,196,975,43.5
2024-12-03 17:51:41.845236,2,1272,1278,25.8
2024-12-03 17:52:40.395433,2,1272,1278,25.8
2024-12-03 17:53:39.005241,2,1273,1278,25.8
2024-12-03 17:54:37.595243,2,1272,1278,25.8
2024-12-03 17:55:36.175212,2,1272,1277,25.8
2024-12-03 17:56:34.785415,2,1272,1278,25.8
2024-12-03 17:57:33.38525,2,1272,1278,25.8
2024-12-03 17:58:31.995428,2,1272,1276,25.8
2024-12-03 17:59:30.575553,2,1272,1278,25.8
2024-12-03 18:00:29.175471,2,1272,1277,25.8
2024-12-03 18:01:27.735137,2,1270,1277,25.8
2024-12-03 18:02:26.345553,2,1273,1277,25.8
2024-12-03 18:03:10.036825,0,198,976,39
2024-12-03 18:03:24.955617,2,1272,1277,26
2024-12-03 18:04:09.115431,0,197,1002,39
2024-12-03 18:04:23.516111,2,1272,1276,26
2024-12-03 18:05:07.148067,0,196,992,35.8
2024-12-03 18:05:22.115436,2,1272,1277,26
2024-12-03 18:06:05.864961,0,196,894,33.8
2024-12-03 18:06:20.724777,2,1272,1276,26
2024-12-03 18:07:04.307269,0,197,1015,37
2024-12-03 18:07:19.275014,2,1272,1276,26
2024-12-03 18:08:02.858608,0,198,958,37.5
2024-12-03 18:08:17.906754,2,1272,1276,26
2024-12-03 18:09:01.463855,0,196,420,39.5
2024-12-03 18:09:16.520173,2,1272,1278,26
2024-12-03 18:10:00.166161,0,196,999,41
2024-12-03 18:10:15.075014,2,1272,1277,26
2024-12-03 18:10:58.644555,0,196,829,41.8
2024-12-03 18:11:13.684835,2,1272,1277,26
2024-12-03 18:11:57.209177,0,196,959,42.5
2024-12-03 18:12:12.285077,2,1272,1277,26
2024-12-03 18:12:56.543545,0,196,994,39.5
2024-12-03 18:13:10.855043,2,1273,1277,26
2024-12-03 18:13:54.436903,0,196,998,40.2
2024-12-03 18:14:09.439663,2,1272,1276,26
2024-12-03 18:14:52.981864,0,196,971,42.8
2024-12-03 18:15:08.045263,2,1273,1277,26
2024-12-03 18:15:51.607886,0,196,1007,44.2
2024-12-03 18:16:06.635115,2,1273,1276,26
2024-12-03 18:16:50.268196,0,196,948,44.8
2024-12-03 18:17:05.245186,2,1270,1276,26
2024-12-03 18:17:48.999089,0,196,950,42
2024-12-03 18:18:03.849697,2,1273,1276,26
2024-12-03 18:18:47.390669,0,196,966,42.5
2024-12-03 18:19:03.068078,2,1271,1276,26
2024-12-03 18:19:45.99072,0,196,386,43.5
2024-12-03 18:20:01.046942,2,1272,1277,26
2024-12-03 18:20:44.547319,0,196,961,42.8
2024-12-03 18:20:59.625077,2,1272,1276,26
2024-12-03 18:21:43.157506,0,196,992,41.2
2024-12-03 18:21:58.175276,2,1270,1276,26
2024-12-03 18:22:41.83805,0,196,951,42
2024-12-03 18:22:56.804859,2,1271,1276,26
2024-12-03 18:23:40.314707,0,196,974,43.2
2024-12-03 18:23:55.3951,2,1272,1276,26
2024-12-03 18:24:38.949832,0,196,871,42.8
2024-12-03 18:24:53.955222,2,1272,1276,26
2024-12-03 18:25:37.610956,0,196,944,43.5
2024-12-03 18:25:52.575256,2,1271,1276,26
2024-12-03 18:26:36.131098,0,196,975,46.2
2024-12-03 18:26:51.185169,2,1272,1276,26
2024-12-03 18:27:34.772214,0,196,963,45.8
2024-12-03 18:27:49.775207,2,1270,1276,26
2024-12-03 18:28:33.323223,0,196,748,46
2024-12-03 18:28:48.325265,2,1272,1276,26
2024-12-03 18:29:31.943772,0,196,937,45.8
2024-12-03 18:29:46.975711,2,1270,1276,26
2024-12-03 18:30:30.566123,0,196,1002,46.2
2024-12-03 18:30:45.53513,2,1272,1276,26
2024-12-03 18:31:29.230682,0,196,886,42.8
2024-12-03 18:31:44.135013,2,1274,1276,26
2024-12-03 18:32:27.712721,0,196,650,41.5
2024-12-03 18:32:42.715085,2,1270,1276,26
2024-12-03 18:33:26.287632,0,196,961,41.2
2024-12-03 18:33:41.285075,2,1270,1276,26
2024-12-03 18:34:24.872995,0,196,966,43.2
2024-12-03 18:34:39.885119,2,1271,1276,26
2024-12-03 18:35:23.499107,0,196,972,42.8
2024-12-03 18:35:38.516871,2,1270,1276,26
2024-12-03 18:36:22.035192,0,196,951,44.2
2024-12-03 18:36:37.06509,2,1272,1278,26
2024-12-03 18:37:20.655531,0,196,840,43.2
2024-12-03 18:37:35.705233,2,1272,1276,26
2024-12-03 18:38:19.376076,0,196,965,44.5
2024-12-03 18:38:34.294958,2,1271,1276,26
2024-12-03 18:39:17.827368,0,196,972,44.2
2024-12-03 18:39:32.885399,2,1272,1276,26
2024-12-03 18:40:16.447793,0,196,952,44.5
2024-12-03 18:40:31.4652,2,1272,1276,26
2024-12-03 18:41:15.043693,0,196,957,45.5
2024-12-03 18:41:30.07019,2,1270,1276,26
2024-12-03 18:42:13.605114,0,196,849,42.2
2024-12-03 18:42:28.690371,2,1273,1276,26
2024-12-03 18:43:12.290107,0,196,972,43
2024-12-03 18:43:27.235123,2,1270,1276,26
2024-12-03 18:44:10.82083,0,196,948,41
2024-12-03 18:44:25.865007,2,1272,1276,26
2024-12-03 18:45:09.382138,0,196,930,43.5
2024-12-03 18:45:24.415217,2,1270,1276,26
2024-12-03 18:46:08.115306,0,196,874,45.5
2024-12-03 18:46:23.035131,2,1271,1276,26
2024-12-03 18:47:06.62112,0,196,942,43.2
2024-12-03 18:47:21.634955,2,1272,1276,26
2024-12-03 18:48:05.219106,0,196,425,43.5
2024-12-03 18:48:20.184829,2,1272,1276,26
2024-12-03 18:49:03.790175,0,196,955,42.5
2024-12-03 18:49:18.778967,2,1272,1277,26
2024-12-03 18:50:02.40083,0,196,956,44.2
2024-12-03 18:50:17.43498,2,1271,1276,26
2024-12-03 18:51:00.986311,0,196,972,46.2
2024-12-03 18:51:15.964705,2,1272,1276,26
2024-12-03 18:51:59.552142,0,196,935,46
2024-12-03 18:52:14.585143,2,1272,1276,26
2024-12-03 18:52:58.185091,0,196,992,45.2
2024-12-03 18:53:13.196941,2,1271,1276,26
2024-12-03 18:53:56.778506,0,197,948,45.5
2024-12-03 18:54:11.765379,2,1272,1276,26
2024-12-03 18:54:55.534828,0,198,738,45.8
2024-12-03 18:55:10.365253,2,1271,1276,26
2024-12-03 18:55:54.105866,0,198,971,45.8
2024-12-03 18:56:08.955381,2,1271,1276,26
2024-12-03 18:56:52.681685,0,198,968,45
2024-12-03 18:57:07.545167,2,1271,1276,26
2024-12-03 18:57:51.112019,0,198,847,45.8
2024-12-03 18:58:06.144851,2,1272,1276,26
2024-12-03 18:58:49.832465,0,198,961,46.8
2024-12-03 18:59:04.735213,2,1270,1276,26.2
2024-12-03 18:59:48.61882,0,198,877,46.2
2024-12-03 19:00:03.295517,2,1272,1276,26
2024-12-03 19:00:46.889984,0,257,983,45
2024-12-03 19:01:01.924791,2,1270,1276,26
2024-12-03 19:01:45.494449,0,198,852,41.8
2024-12-03 19:02:00.507198,2,1272,1276,26.2
2024-12-03 19:02:44.130951,0,196,986,44
2024-12-03 19:02:59.099841,2,1270,1276,26.2
2024-12-03 19:03:42.657046,0,196,732,44.8
2024-12-03 19:03:57.685058,2,1271,1276,26
2024-12-03 19:04:41.306794,0,196,952,44.2
2024-12-03 19:04:56.295153,2,1271,1276,26.2
2024-12-03 19:05:39.918569,0,196,984,41.5
2024-12-03 19:05:54.885514,2,1272,1276,26.2
2024-12-03 19:06:38.454196,0,196,950,43
2024-12-03 19:06:53.495239,2,1271,1276,26.2
2024-12-03 19:07:37.125412,0,196,973,45.2
2024-12-03 19:07:52.085348,2,1272,1277,26.2
2024-12-03 19:08:35.675463,0,196,985,44.5
2024-12-03 19:08:50.644861,2,1273,1276,26.2
2024-12-03 19:09:34.831804,0,196,773,43.8
2024-12-03 19:09:49.245048,2,1273,1276,26.2
2024-12-03 19:10:32.832267,0,196,954,42
2024-12-03 19:10:47.835174,2,1270,1276,26.2
2024-12-03 19:11:31.463208,0,196,1004,42
2024-12-03 19:11:46.494955,2,1273,1276,26.2
2024-12-03 19:12:30.058753,0,196,951,43
2024-12-03 19:12:45.078557,2,1271,1276,26.2
2024-12-03 19:13:28.644768,0,196,960,42.2
2024-12-03 19:13:43.649773,2,1273,1276,26.2
2024-12-03 19:14:27.241333,0,196,955,43.8
2024-12-03 19:14:42.215186,2,1273,1276,26.2
2024-12-03 19:15:25.961696,0,196,950,46.2
2024-12-03 19:15:40.845886,2,1271,1276,26.2
2024-12-03 19:16:24.518255,0,196,953,44.2
2024-12-03 19:16:39.425175,2,1272,1276,26.2
2024-12-03 19:17:23.002662,0,196,955,41.8
2024-12-03 19:17:37.958156,2,1272,1276,26.2
2024-12-03 19:18:21.638699,0,196,944,45
2024-12-03 19:18:36.57514,2,1270,1276,26.2
2024-12-03 19:19:20.225713,0,196,954,45.5
2024-12-03 19:19:35.1951,2,1271,1276,26.2
2024-12-03 19:20:18.795339,0,196,959,47.8
2024-12-03 19:20:33.76557,2,1271,1277,26.2
2024-12-03 19:21:17.39619,0,196,967,47.2
2024-12-03 19:21:32.394753,2,1271,1276,26.2
2024-12-03 19:22:15.963177,0,196,882,45.2
2024-12-03 19:22:31.044796,2,1270,1276,26.2
2024-12-03 19:23:14.722421,0,196,664,43.2
2024-12-03 19:23:29.54521,2,1270,1276,26.2
2024-12-03 19:24:28.15518,2,1271,1276,26.2
2024-12-03 19:25:11.864153,0,196,956,44
2024-12-03 19:25:26.775647,2,1272,1276,26.2
2024-12-03 19:27:23.915184,2,1271,1276,26.2
2024-12-03 19:24:13.283365,0,196,948,44
2024-12-03 19:26:10.39978,0,196,963,44.8
2024-12-03 19:26:25.316853,2,1272,1276,26.2
2024-12-03 19:27:09.19534,0,196,964,43.8
2024-12-03 19:28:07.586509,0,196,972,44
2024-12-03 19:28:22.505457,2,1272,1276,26.2
2024-12-03 19:29:06.113997,0,196,864,43
2024-12-03 19:29:21.124928,2,1271,1276,26.2
2024-12-03 19:30:04.74342,0,196,985,42
2024-12-03 19:30:19.7152,2,1271,1276,26.2
2024-12-03 19:31:03.354344,0,196,984,42.5
2024-12-03 19:31:18.305052,2,1272,1276,26.2
2024-12-03 19:32:01.885006,0,196,962,45
2024-12-03 19:32:16.874862,2,1271,1276,26.2
2024-12-03 19:33:00.545841,0,196,973,43.5
2024-12-03 19:33:15.455456,2,1272,1276,26.2
2024-12-03 19:33:59.182466,0,196,745,42.8
2024-12-03 19:34:14.055136,2,1272,1276,26.2
2024-12-03 19:34:57.697923,0,196,976,44.5
2024-12-03 19:35:12.704795,2,1272,1276,26.2
2024-12-03 19:35:56.363009,0,196,966,43.8
2024-12-03 19:36:11.244912,2,1274,1276,26.2
2024-12-03 19:36:54.924185,0,196,956,43
2024-12-03 19:37:09.874986,2,1272,1276,26.2
2024-12-03 19:37:53.464916,0,196,978,43.8
2024-12-03 19:38:08.415096,2,1272,1276,26.2
2024-12-03 19:38:52.085391,0,196,950,44.8
2024-12-03 19:39:07.05501,2,1271,1276,26.2
2024-12-03 19:39:50.706176,0,196,968,47
2024-12-03 19:40:05.615148,2,1271,1276,26.2
2024-12-03 19:40:49.238307,0,198,961,46.5
2024-12-03 19:41:04.195189,2,1270,1276,26.2
2024-12-03 19:41:47.882956,0,198,940,44.8
2024-12-03 19:42:02.815161,2,1271,1276,26.2
2024-12-03 19:42:46.748895,0,198,972,45.2
2024-12-03 19:43:01.405061,2,1273,1276,26.2
2024-12-03 19:43:45.064905,0,198,999,44.8
2024-12-03 19:43:59.955242,2,1271,1276,26.2
2024-12-03 19:44:43.635407,0,198,968,43.8
2024-12-03 19:44:58.585022,2,1272,1276,26.2
2024-12-03 19:45:42.235965,0,198,954,43.2
2024-12-03 19:45:57.216967,2,1271,1276,26.2
2024-12-03 19:46:40.872805,0,198,944,43.5
2024-12-03 19:46:55.745133,2,1270,1276,26.2
2024-12-03 19:47:39.402781,0,198,968,46.5
2024-12-03 19:47:54.364769,2,1270,1276,26.2
2024-12-03 19:48:38.039434,0,198,660,45
2024-12-03 19:48:52.966102,2,1271,1276,26.2
2024-12-03 19:49:37.07479,0,198,977,44
2024-12-03 19:49:51.534775,2,1272,1276,26.2
2024-12-03 19:50:35.385561,0,198,869,44.8
2024-12-03 19:50:50.135109,2,1270,1276,26.2
2024-12-03 19:51:33.866362,0,198,975,45.2
2024-12-03 19:51:48.724718,2,1272,1276,26.2
2024-12-03 19:52:32.433578,0,196,970,45
2024-12-03 19:52:47.325111,2,1273,1276,26.2
2024-12-03 19:53:31.161783,0,196,883,45
2024-12-03 19:53:45.915002,2,1272,1276,26.2
2024-12-03 19:54:29.57842,0,196,984,44
2024-12-03 19:54:44.525562,2,1272,1276,26.2
2024-12-03 19:55:28.338999,0,196,995,43.8
2024-12-03 19:55:43.085,2,1271,1276,26.2
2024-12-03 19:56:26.74553,0,196,979,43
2024-12-03 19:56:41.715071,2,1272,1276,26.2
2024-12-03 19:57:25.365822,0,196,1000,42.8
2024-12-03 19:57:40.2953,2,1273,1276,26.2
2024-12-03 19:58:24.037416,0,196,871,42.2
2024-12-03 19:58:38.834959,2,1273,1276,26.2
2024-12-03 19:59:22.552363,0,196,938,43.2
2024-12-03 20:00:21.123374,0,196,937,42.8
2024-12-03 20:01:19.749512,0,196,968,43
2024-12-03 20:01:34.649011,2,1272,1276,26.2
2024-12-03 20:02:18.344946,0,196,960,44
2024-12-03 20:02:33.258901,2,1273,1276,26.2
2024-12-03 20:03:16.915895,0,196,976,44.8
2024-12-03 20:03:31.87857,2,1272,1276,26.2
2024-12-03 20:04:15.536389,0,196,976,43.8
2024-12-03 20:04:30.428935,2,1271,1276,26.2
2024-12-03 20:05:14.196974,0,196,933,44.8
2024-12-03 20:05:29.030556,2,1271,1276,26.2
2024-12-03 20:06:12.708254,0,196,650,44.2
2024-12-03 20:06:27.628561,2,1270,1276,26.2
2024-12-03 20:07:11.309043,0,196,971,43.8
2024-12-03 20:07:26.218613,2,1272,1276,26.2
2024-12-03 20:08:10.035228,0,196,963,44
2024-12-03 20:08:24.818914,2,1272,1276,26.2
2024-12-03 20:09:08.470788,0,196,925,44
2024-12-03 20:09:23.428639,2,1272,1276,26.2
2024-12-03 20:10:07.072549,0,196,736,44.5
2024-12-03 20:10:21.998971,2,1271,1276,26.2
2024-12-03 20:11:05.702669,0,196,887,45
2024-12-03 20:11:20.569485,2,1272,1276,26.2
2024-12-03 20:12:04.25798,0,196,967,43.5
2024-12-03 20:12:19.208619,2,1273,1276,26.2
2024-12-03 20:13:02.918475,0,196,954,44.2
2024-12-03 20:13:17.778617,2,1272,1276,26.2
2024-12-03 20:14:01.477226,0,196,970,43.8
2024-12-03 20:14:16.389506,2,1274,1276,26.2
2024-12-03 20:15:00.054657,0,196,933,45.8
2024-12-03 20:15:14.978652,2,1272,1276,26.2
2024-12-03 20:15:58.645538,0,196,899,46.2
2024-12-03 20:16:13.549699,2,1272,1276,26.2
2024-12-03 20:16:57.281909,0,198,975,46.5
2024-12-03 20:17:12.138575,2,1270,1276,26.2
2024-12-03 20:17:55.817398,0,250,944,46.5
2024-12-03 20:18:10.758727,2,1272,1276,26.2
2024-12-03 20:18:54.429204,0,489,976,46.8
2024-12-03 20:19:09.338962,2,1271,1276,26.2
2024-12-03 20:19:53.149182,0,495,980,47.2
2024-12-03 20:20:08.238642,2,1270,1276,26.2
2024-12-03 20:20:51.670216,0,467,961,43.5
2024-12-03 20:21:06.548842,2,1271,1276,26
2024-12-03 20:21:50.201447,0,484,986,46
2024-12-03 20:22:05.078917,2,1271,1276,26
2024-12-03 20:22:48.817523,0,459,966,46
2024-12-03 20:23:03.708997,2,1272,1276,26
2024-12-03 20:23:47.453406,0,198,934,45
2024-12-03 20:24:02.308968,2,1274,1276,26
2024-12-03 20:24:45.983454,0,198,968,45.2
2024-12-03 20:25:00.908633,2,1272,1276,26
2024-12-03 20:25:44.595685,0,196,959,45
2024-12-03 20:26:58.098927,2,1270,1276,26
2024-12-03 20:27:56.628986,2,1272,1276,26
2024-12-03 20:28:40.376725,0,196,979,46
2024-12-03 20:28:55.279178,2,1272,1276,26
2024-12-03 20:25:59.498676,2,1272,1276,26
2024-12-03 20:26:43.202889,0,196,928,42.8
2024-12-03 20:27:41.74556,0,196,904,45.8
2024-12-03 20:29:39.004319,0,196,959,43.8
2024-12-03 20:29:53.879878,2,1270,1276,26
2024-12-03 20:30:37.65804,0,196,750,42
2024-12-03 20:30:52.438613,2,1272,1276,26
2024-12-03 20:31:36.138795,0,196,970,44.5
2024-12-03 20:31:51.048861,2,1271,1276,26
2024-12-03 20:32:34.765187,0,196,660,41.2
2024-12-03 20:32:49.678964,2,1272,1276,26
2024-12-03 20:33:48.218671,2,1270,1276,26
2024-12-03 20:34:31.921866,0,196,973,41.8
2024-12-03 20:34:46.830708,2,1272,1276,26
2024-12-03 20:35:30.56226,0,196,863,39.5
2024-12-03 20:35:45.419609,2,1271,1276,26
2024-12-03 20:36:29.32569,0,196,930,41
2024-12-03 20:36:43.968944,2,1273,1276,26
2024-12-03 20:37:27.713863,0,196,943,41.8
2024-12-03 20:37:42.608846,2,1273,1276,26
2024-12-03 20:38:26.309242,0,196,891,41.2
2024-12-03 20:38:41.198617,2,1272,1276,26
2024-12-03 20:39:24.915231,0,196,974,42.2
2024-12-03 20:39:39.768801,2,1271,1276,26
2024-12-03 20:40:23.485764,0,196,940,44.5
2024-12-03 20:40:38.388649,2,1273,1276,26
2024-12-03 20:41:22.38168,0,196,990,44
2024-12-03 20:41:36.998863,2,1272,1276,26
2024-12-03 20:42:20.707607,0,196,659,42.2
2024-12-03 20:42:35.558582,2,1272,1276,26
2024-12-03 20:43:19.25641,0,196,947,42.2
2024-12-03 20:43:34.148426,2,1270,1276,26
2024-12-03 20:44:17.900906,0,196,892,45
2024-12-03 20:44:32.77889,2,1273,1276,26
2024-12-03 20:45:16.505175,0,196,947,45.5
2024-12-03 20:45:31.318664,2,1272,1276,26
2024-12-03 20:46:15.035601,0,196,982,44.5
2024-12-03 20:46:29.919563,2,1270,1276,26
2024-12-03 20:47:13.647446,0,196,965,45
2024-12-03 20:47:28.518532,2,1271,1276,26
2024-12-03 20:48:12.262507,0,196,962,43
2024-12-03 20:48:27.108828,2,1270,1276,26
2024-12-03 20:49:10.868463,0,196,957,42.8
2024-12-03 20:49:25.729363,2,1271,1276,26
2024-12-03 20:50:09.433979,0,196,563,39
2024-12-03 20:50:24.329,2,1271,1276,26
2024-12-03 20:51:08.055119,0,196,971,38.8
2024-12-03 20:51:22.888986,2,1273,1276,26
2024-12-03 20:52:06.610041,0,196,963,41.5
2024-12-03 20:52:21.488863,2,1273,1276,26
2024-12-03 20:53:05.212773,0,196,953,42
2024-12-03 20:53:20.108532,2,1270,1276,26
2024-12-03 20:54:03.802682,0,196,879,42.8
2024-12-03 20:54:18.671697,2,1273,1276,26
2024-12-03 20:55:02.433157,0,196,740,42.8
2024-12-03 20:55:17.268683,2,1271,1276,26
2024-12-03 20:56:01.064166,0,196,857,42
2024-12-03 20:56:15.899013,2,1272,1276,26
2024-12-03 20:56:59.589693,0,196,955,41.8
2024-12-03 20:57:14.449768,2,1271,1276,26
2024-12-03 20:57:58.215363,0,196,969,43.5
2024-12-03 20:58:13.049656,2,1272,1276,26
2024-12-03 20:58:56.761415,0,196,958,41.5
2024-12-03 20:59:11.678885,2,1274,1276,26
2024-12-03 20:59:55.401966,0,196,874,41
2024-12-03 21:00:10.228927,2,1272,1276,26
2024-12-03 21:00:53.992415,0,196,866,39.5
2024-12-03 21:01:08.828886,2,1270,1276,26
2024-12-03 21:01:52.54855,0,196,855,42
2024-12-03 21:02:07.428988,2,1272,1276,26
2024-12-03 21:02:51.163927,0,196,757,40.8
2024-12-03 21:03:06.028667,2,1272,1276,26
2024-12-03 21:03:49.840626,0,196,968,41.2
2024-12-03 21:04:04.600043,2,1272,1276,26
2024-12-03 21:04:48.345675,0,196,1005,41.5
2024-12-03 21:05:03.229363,2,1272,1276,26
2024-12-03 21:05:47.342409,0,196,872,37
2024-12-03 21:06:01.768683,2,1271,1276,26
2024-12-03 21:06:45.562434,0,196,961,37.2
2024-12-03 21:07:00.369014,2,1272,1276,26
2024-12-03 21:07:58.998941,2,1273,1276,26
2024-12-03 21:08:57.528855,2,1272,1276,26
2024-12-03 21:09:56.168944,2,1271,1276,26
2024-12-03 21:10:54.769066,2,1272,1276,26
2024-12-03 21:11:53.319082,2,1273,1276,26
2024-12-03 21:12:51.939535,2,1272,1276,26
2024-12-03 21:13:50.54887,2,1273,1276,26
2024-12-03 21:14:49.109029,2,1273,1276,26
2024-12-03 21:15:47.708904,2,1272,1276,26
2024-12-03 21:16:46.318999,2,1274,1276,26
2024-12-03 21:17:44.878883,2,1272,1276,26
2024-12-03 21:18:43.519018,2,1271,1276,26
2024-12-03 21:19:42.119023,2,1272,1276,26
2024-12-03 21:20:40.658966,2,1273,1276,26
2024-12-03 21:21:24.504982,0,196,880,33.5
2024-12-03 21:21:39.279305,2,1272,1276,26
2024-12-03 21:22:23.235415,0,196,419,31.8
2024-12-03 21:22:37.868744,2,1273,1276,26
2024-12-03 21:23:21.763224,0,196,783,34.8
2024-12-03 21:23:36.428882,2,1271,1276,26
2024-12-03 21:24:20.211929,0,196,989,38.8
2024-12-03 21:24:35.058716,2,1271,1276,26
2024-12-03 21:25:18.84397,0,197,966,41
2024-12-03 21:25:33.679002,2,1272,1276,26
2024-12-03 21:26:17.383516,0,198,1002,42.2
2024-12-03 21:26:32.238719,2,1272,1276,26
2024-12-03 21:27:16.014646,0,197,999,43.5
2024-12-03 21:27:30.808875,2,1271,1276,26
2024-12-03 21:28:14.635572,0,196,998,45
2024-12-03 21:28:29.449174,2,1272,1276,26
2024-12-03 21:29:13.177064,0,196,981,43.5
2024-12-03 21:29:28.009012,2,1273,1276,26
2024-12-03 21:30:11.783484,0,196,974,43.5
2024-12-03 21:30:26.628946,2,1272,1276,26
2024-12-03 21:31:10.392588,0,196,999,42.8
2024-12-03 21:31:25.228742,2,1273,1276,26
2024-12-03 21:32:09.044192,0,196,866,42.5
2024-12-03 21:32:23.779789,2,1271,1276,26
2024-12-03 21:33:07.555135,0,196,949,38.5
2024-12-03 21:33:22.410625,2,1272,1276,26
2024-12-03 21:34:06.17081,0,196,986,40.8
2024-12-03 21:34:20.998939,2,1273,1276,26
2024-12-03 21:35:04.761085,0,196,967,42
2024-12-03 21:35:19.528525,2,1272,1276,26
2024-12-03 21:36:18.198918,2,1272,1276,26
2024-12-03 21:37:02.23259,0,196,990,40.5
2024-12-03 21:37:16.770366,2,1272,1276,26
2024-12-03 21:38:00.554383,0,196,966,38.8
2024-12-03 21:38:15.328957,2,1273,1276,26
2024-12-03 21:39:13.938551,2,1271,1276,26
2024-12-03 21:39:57.714804,0,196,957,42.5
2024-12-03 21:40:12.598617,2,1272,1276,26
2024-12-03 21:40:56.286638,0,196,973,44
2024-12-03 21:41:11.122499,2,1273,1276,26
2024-12-03 21:41:54.887159,0,196,966,41
2024-12-03 21:42:09.708958,2,1272,1276,26
2024-12-03 21:42:53.768427,0,196,957,42.2
2024-12-03 21:43:08.328584,2,1272,1276,26
2024-12-03 21:43:52.053366,0,196,965,41.5
2024-12-03 21:44:06.859508,2,1271,1276,26
2024-12-03 21:44:50.894187,0,196,944,42.2
2024-12-03 21:45:05.508732,2,1273,1276,26
2024-12-03 21:45:49.285625,0,196,971,41.5
2024-12-03 21:46:04.133066,2,1272,1276,26
2024-12-03 21:46:47.846418,0,196,428,39.8
2024-12-03 21:47:02.676714,2,1273,1276,26
2024-12-03 21:47:46.445888,0,196,808,40.8
2024-12-03 21:48:01.289873,2,1273,1276,26
2024-12-03 21:48:45.055822,0,196,623,41
2024-12-03 21:48:59.898748,2,1272,1276,26
2024-12-03 21:49:43.723394,0,196,413,41.5
2024-12-03 21:49:58.449259,2,1272,1276,26
2024-12-03 21:50:42.22845,0,196,955,41.5
2024-12-03 21:50:57.068811,2,1272,1276,26
2024-12-03 21:51:40.849266,0,196,850,41
2024-12-03 21:51:55.668534,2,1273,1276,26
2024-12-03 21:52:39.459657,0,196,990,41
2024-12-03 21:52:54.238989,2,1272,1276,26
2024-12-03 21:53:38.030984,0,196,947,42.5
2024-12-03 21:53:52.878818,2,1270,1276,26
2024-12-03 21:54:36.676622,0,196,951,41.2
2024-12-03 21:54:51.459087,2,1270,1276,26
2024-12-03 21:55:35.358156,0,196,970,42.8
2024-12-03 21:55:49.998612,2,1270,1276,26
2024-12-03 21:56:33.844787,0,196,953,43
2024-12-03 21:56:48.618926,2,1271,1276,26
2024-12-03 21:57:32.388326,0,196,840,44.2
2024-12-03 21:57:47.238952,2,1272,1276,26
2024-12-03 21:58:31.029808,0,196,943,43.8
2024-12-03 21:58:45.788774,2,1271,1276,26
2024-12-03 21:59:29.555106,0,196,947,43.8
2024-12-03 21:59:44.398744,2,1270,1276,26
2024-12-03 22:00:28.190812,0,196,845,44.2
2024-12-03 22:00:43.008904,2,1270,1276,26
2024-12-03 22:01:26.847057,0,196,975,43.8
2024-12-03 22:01:41.558589,2,1270,1276,26
2024-12-03 22:02:25.388544,0,196,754,44.5
2024-12-03 22:02:40.178978,2,1272,1276,26
2024-12-03 22:03:24.183885,0,196,971,44.8
2024-12-03 22:03:38.788955,2,1272,1278,26
2024-12-03 22:04:22.564491,0,196,975,42.5
2024-12-03 22:04:37.339145,2,1272,1278,26
2024-12-03 22:05:21.136119,0,196,935,44.2
2024-12-03 22:05:35.959021,2,1272,1278,26
2024-12-03 22:06:20.075615,0,196,950,44.5
2024-12-03 22:06:34.578965,2,1272,1278,26
2024-12-03 22:07:18.352113,0,196,952,45
2024-12-03 22:07:33.130587,2,1273,1276,26
2024-12-03 22:08:16.947409,0,196,892,41.8
2024-12-03 22:08:31.738843,2,1272,1276,26
2024-12-03 22:09:15.5339,0,196,969,41.8
2024-12-03 22:09:30.349611,2,1271,1276,26
2024-12-03 22:10:14.123682,0,196,974,43.8
2024-12-03 22:10:28.898945,2,1272,1276,26
2024-12-03 22:11:12.724878,0,196,962,41
2024-12-03 22:11:27.518795,2,1271,1276,26
2024-12-03 22:12:11.375845,0,196,934,42.8
2024-12-03 22:12:26.128853,2,1271,1276,26
2024-12-03 22:13:09.891008,0,196,956,44.2
2024-12-03 22:13:24.678776,2,1271,1276,26
2024-12-03 22:14:08.632851,0,196,961,44
2024-12-03 22:14:23.27861,2,1272,1276,26
2024-12-03 22:15:07.128275,0,196,946,43.2
2024-12-03 22:15:21.918947,2,1272,1276,26
2024-12-03 22:16:05.723912,0,196,808,43.8
2024-12-03 22:16:20.44904,2,1270,1276,26
2024-12-03 22:17:04.353045,0,196,955,43.2
2024-12-03 22:17:19.068938,2,1271,1276,26
2024-12-03 22:18:02.855421,0,196,966,42.8
2024-12-03 22:18:17.695668,2,1271,1276,26
2024-12-03 22:19:01.470723,0,196,959,43.8
2024-12-03 22:19:16.228869,2,1272,1276,26
2024-12-03 22:20:00.067876,0,196,953,45.2
2024-12-03 22:20:14.828584,2,1271,1276,26
2024-12-03 22:20:58.633583,0,196,949,47
2024-12-03 22:21:13.488656,2,1270,1276,26
2024-12-03 22:21:57.288062,0,196,967,46.8
2024-12-03 22:22:12.018964,2,1271,1276,26
2024-12-03 22:22:55.869593,0,196,971,45.8
2024-12-03 22:23:10.639613,2,1270,1276,26
2024-12-03 22:23:54.395258,0,196,960,44.5
2024-12-03 22:24:09.238892,2,1270,1276,26
2024-12-03 22:24:53.106958,0,196,946,44.5
2024-12-03 22:25:07.818785,2,1271,1276,26
2024-12-03 22:25:51.656643,0,196,959,44.2
2024-12-03 22:26:06.418989,2,1271,1276,26
2024-12-03 22:26:50.303443,0,196,887,40
2024-12-03 22:27:05.018931,2,1270,1276,26
2024-12-03 22:27:48.782966,0,196,966,37
2024-12-03 22:28:03.568628,2,1270,1276,26
2024-12-03 22:28:47.453441,0,196,977,40.5
2024-12-03 22:29:02.180891,2,1272,1276,26
2024-12-03 22:29:46.012455,0,196,912,42.8
2024-12-03 22:30:00.798945,2,1273,1276,26
2024-12-03 22:30:44.627127,0,196,971,42.8
2024-12-03 22:30:59.328888,2,1271,1276,26
2024-12-03 22:31:43.176571,0,196,995,42.5
2024-12-03 22:31:57.958859,2,1271,1276,26
2024-12-03 22:32:41.91373,0,196,979,43.5
2024-12-03 22:32:56.561934,2,1271,1276,26
2024-12-03 22:33:40.523718,0,196,986,43.5
2024-12-03 22:33:55.158471,2,1270,1276,25.8
2024-12-03 22:34:38.972118,0,196,983,42.8
2024-12-03 22:34:53.729354,2,1273,1276,26
2024-12-03 22:35:37.632545,0,196,978,41.8
2024-12-03 22:35:52.368633,2,1271,1276,26
2024-12-03 22:36:36.131668,0,196,964,42.2
2024-12-03 22:36:50.898956,2,1271,1276,26
2024-12-03 22:37:34.79217,0,196,962,40.8
2024-12-03 22:37:49.49995,2,1270,1276,26
2024-12-03 22:38:33.364099,0,196,979,42.2
2024-12-03 22:38:48.11866,2,1271,1276,26
2024-12-03 22:39:46.671225,2,1272,1276,26
2024-12-03 22:40:30.525155,0,196,742,42.2
2024-12-03 22:40:45.278605,2,1273,1276,26
2024-12-03 22:41:29.125977,0,196,964,42
2024-12-03 22:41:43.898649,2,1270,1276,26
2024-12-03 22:42:27.686297,0,196,962,42.5
2024-12-03 22:42:42.468618,2,1270,1276,26
2024-12-03 22:43:26.298608,0,196,775,43.5
2024-12-03 22:43:41.078875,2,1270,1276,26
2024-12-03 22:44:39.699152,2,1272,1276,26
2024-12-03 22:45:23.473494,0,196,959,44.2
2024-12-03 22:45:38.238852,2,1271,1276,26
2024-12-03 22:46:22.344417,0,196,977,41.8
2024-12-03 22:46:36.858641,2,1270,1276,26
2024-12-03 22:47:20.734821,0,196,946,43
2024-12-03 22:47:35.458556,2,1272,1276,26
2024-12-03 22:48:19.476375,0,196,976,44
2024-12-03 22:48:34.018707,2,1270,1276,26
2024-12-03 22:49:17.865813,0,196,960,43.2
2024-12-03 22:49:32.648759,2,1271,1276,26
2024-12-03 22:50:16.457534,0,196,958,44.2
2024-12-03 22:50:31.248538,2,1270,1276,26
2024-12-03 22:51:15.023075,0,196,426,43
2024-12-03 22:51:29.808687,2,1270,1276,26
2024-12-03 22:52:13.63868,0,196,981,41.2
2024-12-03 22:52:28.41907,2,1270,1276,26
2024-12-03 22:53:12.58438,0,196,747,40
2024-12-03 22:53:27.038856,2,1272,1276,26
2024-12-03 22:54:10.871747,0,196,970,38.5
2024-12-03 22:54:25.578849,2,1271,1276,26
2024-12-03 22:55:09.56165,0,196,995,38.2
2024-12-03 22:55:24.199013,2,1271,1276,26
2024-12-03 22:56:08.03154,0,196,958,41.2
2024-12-03 22:56:22.798566,2,1270,1276,26
2024-12-03 22:57:06.742419,0,196,856,38.2
2024-12-03 22:57:21.348862,2,1270,1276,26
2024-12-03 22:58:05.297712,0,196,979,40
2024-12-03 22:58:19.968659,2,1272,1276,26
2024-12-03 22:59:03.864516,0,196,931,41
2024-12-03 22:59:18.588877,2,1270,1276,26
2024-12-03 23:00:02.410065,0,196,957,39.8
2024-12-03 23:00:17.128959,2,1273,1276,26
2024-12-03 23:01:00.961,0,196,981,41.2
2024-12-03 23:01:15.75906,2,1272,1276,26
2024-12-03 23:01:59.687733,0,196,935,42.5
2024-12-03 23:02:14.368864,2,1272,1276,26
2024-12-03 23:02:58.182483,0,196,926,40.8
2024-12-03 23:03:12.908738,2,1272,1276,26
2024-12-03 23:03:56.791684,0,196,974,40.8
2024-12-03 23:04:11.528565,2,1273,1276,26
2024-12-03 23:04:55.357254,0,196,920,43
2024-12-03 23:05:10.148732,2,1271,1276,26
2024-12-03 23:05:53.968161,0,196,964,45.2
2024-12-03 23:06:08.678803,2,1272,1276,26
2024-12-03 23:06:52.516652,0,196,979,43.8
2024-12-03 23:07:07.298906,2,1272,1276,26
2024-12-03 23:07:51.192607,0,196,958,44.8
2024-12-03 23:08:05.928975,2,1272,1276,26
2024-12-03 23:08:49.801683,0,196,881,43
2024-12-03 23:09:04.48083,2,1272,1276,26
2024-12-03 23:09:48.761805,0,196,841,43.5
2024-12-03 23:10:03.069007,2,1272,1276,26
2024-12-03 23:10:46.922086,0,196,829,38.2
2024-12-03 23:11:01.69934,2,1272,1276,26
2024-12-03 23:11:45.822004,0,196,962,40.5
2024-12-03 23:12:00.258885,2,1270,1276,26
2024-12-03 23:12:44.092029,0,196,944,39.5
2024-12-03 23:12:58.868578,2,1272,1276,26
2024-12-03 23:13:42.702576,0,196,955,35.8
2024-12-03 23:13:57.468645,2,1271,1276,26
2024-12-03 23:14:41.861962,0,196,888,38.5
2024-12-03 23:14:56.038559,2,1272,1276,26
2024-12-03 23:15:39.916724,0,196,978,39
2024-12-03 23:15:54.658871,2,1273,1276,26
2024-12-03 23:16:38.461832,0,196,962,37.2
2024-12-03 23:16:53.228927,2,1272,1276,26
2024-12-03 23:17:37.086858,0,196,969,37
2024-12-03 23:17:51.788747,2,1271,1276,26
2024-12-03 23:18:35.819562,0,196,654,40
2024-12-03 23:18:50.438773,2,1272,1276,26
2024-12-03 23:19:34.415996,0,196,967,38.8
2024-12-03 23:19:49.03876,2,1271,1276,26
2024-12-03 23:20:32.858671,0,196,966,40
2024-12-03 23:20:47.558666,2,1272,1276,26
2024-12-03 23:21:31.571595,0,196,979,37.8
2024-12-03 23:21:46.221636,2,1271,1276,26
2024-12-03 23:22:30.081869,0,196,977,40
2024-12-03 23:22:44.819624,2,1272,1276,26
2024-12-03 23:23:28.648792,0,196,972,41.2
2024-12-03 23:23:43.358775,2,1272,1276,26
2024-12-03 23:24:27.241809,0,196,961,39.2
2024-12-03 23:24:41.9834,2,1270,1276,26
2024-12-03 23:25:25.822119,0,196,848,40.8
2024-12-03 23:25:40.588858,2,1273,1276,26
2024-12-03 23:26:24.42258,0,196,956,44.5
2024-12-03 23:26:39.143767,2,1270,1276,26
2024-12-03 23:27:23.148046,0,196,926,45.5
2024-12-03 23:27:37.718759,2,1271,1276,26
2024-12-03 23:28:21.584763,0,196,832,44.2
2024-12-03 23:28:36.388747,2,1270,1276,26
2024-12-03 23:29:20.202196,0,196,958,42.8
2024-12-03 23:29:34.919299,2,1272,1276,26
2024-12-03 23:30:18.873985,0,196,964,45
2024-12-03 23:30:33.518574,2,1270,1276,26
2024-12-03 23:31:17.344092,0,196,989,43.5
2024-12-03 23:31:32.128551,2,1271,1276,26
2024-12-03 23:32:16.024772,0,196,929,42.2
2024-12-03 23:32:30.700889,2,1270,1276,26
2024-12-03 23:33:14.585765,0,196,908,42.5
2024-12-03 23:33:29.308966,2,1271,1276,26
2024-12-03 23:34:13.146936,0,196,847,42.8
2024-12-03 23:34:27.938604,2,1271,1276,26
2024-12-03 23:35:11.762947,0,196,765,42.2
2024-12-03 23:35:26.468712,2,1272,1277,26
2024-12-03 23:36:10.367959,0,196,961,43.8
2024-12-03 23:36:25.078865,2,1273,1276,26
2024-12-03 23:37:09.034187,0,196,943,43
2024-12-03 23:37:23.688899,2,1272,1276,26
2024-12-03 23:38:07.519486,0,196,909,43
2024-12-03 23:38:22.258623,2,1271,1276,26
2024-12-03 23:39:06.150344,0,196,967,44
2024-12-03 23:39:20.858733,2,1272,1276,26
2024-12-03 23:40:04.706947,0,196,950,43.5
2024-12-03 23:40:19.498673,2,1272,1276,26
2024-12-03 23:41:03.631633,0,196,970,43.8
2024-12-03 23:41:18.028556,2,1273,1276,26
2024-12-03 23:42:01.918012,0,197,845,42.5
2024-12-03 23:42:16.638798,2,1272,1276,26
2024-12-03 23:43:00.552636,0,198,734,41.5
2024-12-03 23:43:15.268852,2,1272,1276,26
2024-12-03 23:43:59.141717,0,198,1002,42
2024-12-03 23:44:13.818897,2,1272,1276,26
2024-12-03 23:44:57.719795,0,198,992,42.2
2024-12-03 23:45:12.418845,2,1272,1276,26
2024-12-03 23:45:56.326248,0,198,971,43.5
2024-12-03 23:46:11.038886,2,1273,1276,26
2024-12-03 23:46:54.876276,0,198,1003,43.5
2024-12-03 23:47:09.598523,2,1271,1276,26
2024-12-03 23:47:53.703885,0,198,725,43.5
2024-12-03 23:48:08.219494,2,1272,1276,26
2024-12-03 23:48:52.0996,0,254,964,44.8
2024-12-03 23:49:06.819323,2,1272,1276,26
2024-12-03 23:49:50.663607,0,198,960,43.2
2024-12-03 23:50:05.388947,2,1271,1276,26
2024-12-03 23:50:49.255171,0,198,955,43.5
2024-12-03 23:51:03.978813,2,1272,1276,26
2024-12-03 23:51:47.875824,0,198,858,43.2
2024-12-03 23:52:02.588802,2,1273,1276,26
2024-12-03 23:52:46.48594,0,198,967,44.8
2024-12-03 23:53:01.118682,2,1272,1276,26
2024-12-03 23:53:45.047258,0,313,868,45.8
2024-12-03 23:53:59.788949,2,1273,1276,26
2024-12-03 23:54:43.667384,0,245,924,44.5
2024-12-03 23:54:58.378945,2,1272,1276,26
2024-12-03 23:55:42.208156,0,288,923,45
2024-12-03 23:55:56.938814,2,1273,1276,26
2024-12-03 23:56:40.94016,0,198,964,44.8
2024-12-03 23:56:55.548758,2,1272,1276,26
2024-12-03 23:57:39.439693,0,198,987,41.8
2024-12-03 23:57:54.149248,2,1271,1276,26
2024-12-03 23:58:37.984963,0,196,978,38
2024-12-03 23:58:52.698954,2,1271,1276,26
2024-12-03 23:59:36.607441,0,196,540,36.2
2024-12-03 23:59:51.309369,2,1272,1276,26
