time,position,rpm
2024-12-21 01:35:48.019318,2,0
2024-12-21 01:35:50.889777,0,25
2024-12-21 01:35:53.174997,2,0
2024-12-21 01:35:55.724828,0,25
2024-12-21 01:35:58.149354,0,24
2024-12-21 01:35:59.205131,3,0
2024-12-21 01:36:04.094612,3,0
2024-12-21 01:36:05.118967,0,26
2024-12-21 01:36:08.039767,2,0
2024-12-21 01:36:09.158077,3,0
2024-12-21 01:36:09.7429,0,25
2024-12-21 01:36:13.058429,2,0
2024-12-21 01:36:14.268499,3,0
2024-12-21 01:36:18.078113,2,0
2024-12-21 01:36:23.178992,2,0
2024-12-21 01:36:24.178951,3,0
2024-12-21 01:36:28.068177,2,0
2024-12-21 03:43:29.927569,3,0
2024-12-21 03:43:38.515866,0,22
2024-12-21 03:43:43.955379,2,0
2024-12-21 03:43:46.575819,0,22
2024-12-21 03:43:48.895805,2,0
2024-12-21 03:43:51.915856,0,22
2024-12-21 03:43:53.8862,2,0
2024-12-21 03:43:54.443333,0,23
2024-12-21 03:43:54.932849,3,0
2024-12-21 03:43:57.094293,0,23
2024-12-21 03:43:58.9638,2,0
2024-12-21 03:44:00.031172,3,0
2024-12-21 03:44:00.224232,0,19
2024-12-21 05:09:56.761109,0,0
2024-12-21 06:56:26.60276,0,21
2024-12-21 06:56:28.748149,3,0
2024-12-21 06:56:32.6985,0,18
2024-12-21 06:56:32.784813,2,0
2024-12-21 06:56:33.769293,3,0
2024-12-21 06:56:37.794889,2,0
2024-12-21 06:56:42.789376,2,0
2024-12-21 06:56:43.768835,3,0
2024-12-21 06:56:44.684047,0,23
2024-12-21 06:56:47.799551,2,0
2024-12-21 06:56:48.768906,3,0
2024-12-21 10:02:18.996768,0,0
2024-12-21 10:02:19.955344,0,62
2024-12-21 10:02:25.035905,0,0
2024-12-21 10:02:30.715935,0,0
2024-12-21 10:02:31.367978,2,0
2024-12-21 10:02:32.376325,3,0
2024-12-21 10:02:33.645576,0,20
2024-12-21 10:02:36.321438,2,0
2024-12-21 10:02:37.316654,3,0
2024-12-21 10:02:41.409392,2,0
2024-12-21 10:02:42.334609,3,0
2024-12-21 10:02:45.616239,0,60
2024-12-21 10:02:50.559162,0,0
2024-12-21 10:02:51.359213,2,0
2024-12-21 10:02:56.52747,0,22
2024-12-21 10:02:57.483877,3,0
2024-12-21 10:02:59.113413,0,22
2024-12-21 10:03:01.354728,2,0
2024-12-21 10:03:01.934877,0,21
2024-12-21 10:03:02.348478,3,0
2024-12-21 10:03:06.938533,0,0
2024-12-21 10:03:07.424899,3,0
2024-12-21 10:03:11.355217,2,0
2024-12-21 10:03:12.359135,3,0
2024-12-21 10:03:21.390496,2,0
2024-12-21 10:03:24.373696,0,20
2024-12-21 10:03:26.433885,2,0
2024-12-21 10:03:27.39574,3,0
2024-12-21 10:03:31.383016,2,0
2024-12-21 10:03:32.369134,3,0
2024-12-21 10:03:37.948519,0,0
2024-12-21 10:03:42.934156,0,0
2024-12-21 10:03:46.455918,2,0
2024-12-21 10:03:47.360102,3,0
2024-12-21 10:03:52.953888,0,0
2024-12-21 10:03:56.435216,2,0
2024-12-21 10:03:57.401516,3,0
2024-12-21 10:04:01.435077,2,0
2024-12-21 10:04:06.449846,2,0
2024-12-21 10:04:07.44961,0,0
2024-12-21 10:04:14.55419,0,21
2024-12-21 10:23:43.319147,3,0
2024-12-21 10:23:44.572416,0,0
2024-12-21 10:23:49.58575,0,0
2024-12-21 10:23:52.351341,2,0
2024-12-21 10:23:53.27648,3,0
2024-12-21 10:23:54.601043,0,0
2024-12-21 10:23:57.400947,2,0
2024-12-21 10:23:58.307201,3,0
2024-12-21 10:24:02.360159,2,0
2024-12-21 10:24:04.591265,0,0
2024-12-21 10:24:07.367127,2,0
2024-12-21 10:24:10.568756,0,61
2024-12-21 10:24:13.294028,3,0
2024-12-21 10:24:14.781316,0,14
2024-12-21 10:24:17.366518,2,0
2024-12-21 10:24:18.297098,3,0
2024-12-21 10:24:18.62038,0,15
2024-12-21 10:24:22.402586,2,0
2024-12-21 10:24:23.366065,0,12
2024-12-21 10:24:27.391843,2,0
2024-12-21 10:24:28.336533,3,0
2024-12-21 10:24:32.452084,2,0
2024-12-21 10:24:32.780236,0,16
2024-12-21 10:24:37.351797,2,0
2024-12-21 10:24:43.721342,0,23
2024-12-21 10:24:47.311443,0,17
2024-12-21 10:24:48.471847,3,0
2024-12-21 10:24:52.261172,0,0
2024-12-21 10:24:52.372895,2,0
2024-12-21 10:24:57.231052,0,0
2024-12-21 10:24:57.392757,2,0
2024-12-21 10:24:59.466596,0,27
2024-12-21 10:25:02.940224,0,16
2024-12-21 10:25:03.362394,3,0
2024-12-21 10:25:06.955486,0,15
2024-12-21 10:25:07.399014,2,0
2024-12-21 10:25:08.366552,3,0
2024-12-21 10:25:09.230829,0,25
2024-12-21 10:25:11.500888,0,26
2024-12-21 10:25:12.402243,2,0
2024-12-21 10:25:13.907585,0,25
2024-12-21 10:25:16.106432,0,27
2024-12-21 10:25:17.396737,2,0
2024-12-21 10:25:20.0464,0,31
2024-12-21 10:25:28.41356,3,0
2024-12-21 10:25:29.941247,0,27
2024-12-21 10:25:32.4649,2,0
2024-12-21 10:25:34.514018,0,27
2024-12-21 10:25:42.416053,0,21
2024-12-21 10:48:41.041434,0,0
2024-12-21 10:48:43.450653,2,0
2024-12-21 10:48:44.435793,3,0
2024-12-21 10:48:46.12135,0,0
2024-12-21 10:48:49.441046,3,0
2024-12-21 10:48:54.851211,3,0
2024-12-21 10:48:59.442663,3,0
2024-12-21 10:49:01.013989,0,0
2024-12-21 10:49:03.966545,0,23
2024-12-21 10:49:04.450674,3,0
2024-12-21 10:49:07.796323,0,14
2024-12-21 10:49:09.460831,3,0
2024-12-21 10:49:12.831675,0,0
2024-12-21 10:49:14.466512,3,0
2024-12-21 10:49:18.510851,2,0
2024-12-21 01:35:48.509552,0,24
2024-12-21 01:35:49.069967,3,0
2024-12-21 01:35:53.309502,0,24
2024-12-21 01:35:54.08481,3,0
2024-12-21 01:35:58.034993,2,0
2024-12-21 01:36:00.504588,0,25
2024-12-21 01:36:02.880192,0,25
2024-12-21 01:36:03.039812,2,0
2024-12-21 01:36:07.359314,0,26
2024-12-21 01:36:13.04726,0,18
2024-12-21 01:36:18.053466,0,0
2024-12-21 01:36:19.108681,3,0
2024-12-21 01:36:22.387741,0,13
2024-12-21 01:36:27.222774,0,12
2024-12-21 01:36:43.098707,2,0
2024-12-21 01:36:44.164202,3,0
2024-12-21 04:11:20.216023,2,0
2024-12-21 04:11:21.196216,3,0
2024-12-21 04:11:24.92622,0,0
2024-12-21 04:11:25.220882,2,0
2024-12-21 04:11:26.195684,3,0
2024-12-21 04:11:29.861451,0,0
2024-12-21 04:11:30.2311,2,0
2024-12-21 04:11:34.995831,0,15
2024-12-21 04:11:35.220495,2,0
2024-12-21 04:11:38.185008,0,18
2024-12-21 04:11:50.22651,2,0
2024-12-21 04:11:51.236037,3,0
2024-12-21 04:11:55.186778,2,0
2024-12-21 04:11:57.035515,0,0
2024-12-21 04:12:01.231398,3,0
2024-12-21 04:12:01.971233,0,0
2024-12-21 04:12:06.261038,3,0
2024-12-21 04:12:07.025625,0,0
2024-12-21 04:12:10.226878,2,0
2024-12-21 04:12:11.236244,3,0
2024-12-21 04:12:11.695787,0,12
2024-12-21 04:12:15.300665,2,0
2024-12-21 04:12:16.525667,0,12
2024-12-21 04:12:26.322543,3,0
2024-12-21 04:12:26.555326,0,0
2024-12-21 04:12:30.287131,2,0
2024-12-21 04:12:31.272907,3,0
2024-12-21 04:12:31.552611,0,0
2024-12-21 05:27:13.698356,2,0
2024-12-21 05:27:14.649038,3,0
2024-12-21 05:27:16.710926,0,0
2024-12-21 05:27:18.689007,2,0
2024-12-21 05:27:28.709981,2,0
2024-12-21 05:27:29.683056,3,0
2024-12-21 05:27:31.730192,0,0
2024-12-21 05:27:33.723131,2,0
2024-12-21 05:27:34.708593,3,0
2024-12-21 05:27:36.669272,0,0
2024-12-21 05:27:38.72296,2,0
2024-12-21 05:27:41.790076,0,0
2024-12-21 05:27:43.719323,2,0
2024-12-21 05:27:44.6695,3,0
2024-12-21 05:27:47.240303,0,0
2024-12-21 05:27:53.149607,0,65
2024-12-21 05:27:53.684457,2,0
2024-12-21 05:27:58.683931,2,0
2024-12-21 05:27:59.834639,3,0
2024-12-21 05:28:01.751901,0,18
2024-12-21 05:28:04.758779,3,0
2024-12-21 05:28:09.709127,3,0
2024-12-21 05:28:11.154626,0,18
2024-12-21 05:28:14.703504,3,0
2024-12-21 05:28:16.104996,0,0
2024-12-21 05:28:23.719459,2,0
2024-12-21 05:28:24.808993,3,0
2024-12-21 05:28:28.735885,2,0
2024-12-21 05:28:48.782179,0,0
2024-12-21 05:28:54.750034,3,0
2024-12-21 05:28:55.860944,0,12
2024-12-21 05:29:04.719626,3,0
2024-12-21 05:29:09.710229,3,0
2024-12-21 05:29:13.775792,2,0
2024-12-21 05:29:20.792008,0,0
2024-12-21 05:29:23.791597,2,0
2024-12-21 06:56:27.829233,2,0
2024-12-21 06:56:29.535479,0,21
2024-12-21 06:56:35.789626,0,19
2024-12-21 06:56:38.759876,3,0
2024-12-21 06:56:39.088778,0,18
2024-12-21 06:56:42.019501,0,20
2024-12-21 06:56:47.149018,0,23
2024-12-21 06:56:49.7986,0,22
2024-12-21 10:04:16.45541,2,0
2024-12-21 10:04:18.937415,0,13
2024-12-21 10:04:22.400069,3,0
2024-12-21 10:04:23.9363,0,0
2024-12-21 10:04:25.175944,0,46
2024-12-21 10:04:26.456563,2,0
2024-12-21 10:23:48.338679,3,0
2024-12-21 10:23:59.630863,0,0
2024-12-21 10:24:03.286977,3,0
2024-12-21 10:24:08.340184,3,0
2024-12-21 10:24:09.610353,0,0
2024-12-21 10:24:12.378196,2,0
2024-12-21 10:24:23.331752,3,0
2024-12-21 10:24:28.411586,0,0
2024-12-21 10:24:29.096304,0,82
2024-12-21 10:24:33.331189,3,0
2024-12-21 10:24:35.794865,0,20
2024-12-21 10:24:38.341787,3,0
2024-12-21 10:24:38.561008,0,21
2024-12-21 10:24:41.155965,0,23
2024-12-21 10:24:42.351365,2,0
2024-12-21 10:24:43.36236,3,0
2024-12-21 10:24:47.382871,2,0
2024-12-21 10:24:53.345657,3,0
2024-12-21 10:24:58.356165,3,0
2024-12-21 10:25:02.382104,2,0
2024-12-21 10:25:13.403433,3,0
2024-12-21 10:25:18.082456,0,30
2024-12-21 10:25:18.412808,3,0
2024-12-21 10:25:21.911395,0,31
2024-12-21 10:25:22.406712,2,0
2024-12-21 10:25:23.391794,3,0
2024-12-21 10:25:23.835543,0,31
2024-12-21 10:25:25.751035,0,30
2024-12-21 10:25:27.413685,2,0
2024-12-21 10:25:27.693874,0,30
2024-12-21 10:25:32.1842,0,26
2024-12-21 10:25:33.502238,3,0
2024-12-21 10:25:36.624178,0,26
2024-12-21 10:25:37.414385,2,0
2024-12-21 10:25:38.409923,3,0
2024-12-21 10:25:38.994402,0,25
2024-12-21 10:25:45.115798,0,17
2024-12-21 10:25:47.428609,2,0
2024-12-21 10:25:51.705883,0,16
2024-12-21 10:25:56.556099,0,14
2024-12-21 10:26:00.843536,0,0
2024-12-21 10:26:02.501082,2,0
2024-12-21 10:26:05.841136,0,0
2024-12-21 10:26:07.471324,2,0
2024-12-21 10:26:10.845867,0,0
2024-12-21 10:26:12.451414,2,0
2024-12-21 10:26:13.383302,3,0
2024-12-21 10:26:17.4667,2,0
2024-12-21 10:26:18.396105,3,0
2024-12-21 10:26:22.536432,2,0
2024-12-21 10:48:48.491184,2,0
2024-12-21 10:48:50.991005,0,0
2024-12-21 10:48:53.470843,2,0
2024-12-21 10:48:56.002448,0,0
2024-12-21 10:48:58.475643,2,0
2024-12-21 10:49:03.965935,2,0
2024-12-21 10:49:08.480998,2,0
2024-12-21 10:49:13.495805,2,0
2024-12-21 10:49:13.741804,0,65
2024-12-21 01:36:29.163608,3,0
2024-12-21 01:36:32.227917,0,0
2024-12-21 01:36:33.099026,2,0
2024-12-21 01:36:34.107076,3,0
2024-12-21 01:36:37.22327,0,0
2024-12-21 01:36:38.21332,2,0
2024-12-21 01:36:39.127052,3,0
2024-12-21 01:36:42.22627,0,0
2024-12-21 04:11:31.085386,0,49
2024-12-21 04:11:31.21148,3,0
2024-12-21 04:11:36.265978,3,0
2024-12-21 04:11:40.185954,2,0
2024-12-21 04:11:41.280732,3,0
2024-12-21 04:11:42.825318,0,13
2024-12-21 04:11:45.196971,2,0
2024-12-21 04:11:46.376696,3,0
2024-12-21 04:11:47.003459,0,14
2024-12-21 04:11:52.006701,0,0
2024-12-21 04:11:56.226699,3,0
2024-12-21 04:12:00.19642,2,0
2024-12-21 04:12:02.135866,0,7680
2024-12-21 04:12:05.211208,2,0
2024-12-21 04:12:16.286304,3,0
2024-12-21 04:12:20.241877,2,0
2024-12-21 04:12:21.283087,3,0
2024-12-21 04:12:21.545798,0,0
2024-12-21 04:12:25.23701,2,0
2024-12-21 05:27:19.658592,3,0
2024-12-21 05:27:21.680833,0,0
2024-12-21 05:27:23.708638,2,0
2024-12-21 05:27:24.648085,3,0
2024-12-21 05:27:26.694099,0,0
2024-12-21 05:27:39.654955,3,0
2024-12-21 05:27:42.224618,0,113
2024-12-21 05:27:48.728709,2,0
2024-12-21 05:27:49.67465,3,0
2024-12-21 05:27:52.248915,0,0
2024-12-21 05:27:54.819077,3,0
2024-12-21 05:27:58.146497,0,0
2024-12-21 05:27:58.424343,0,189
2024-12-21 05:28:03.709233,2,0
2024-12-21 05:28:05.080848,0,18
2024-12-21 05:28:07.829478,0,22
2024-12-21 05:28:08.703657,2,0
2024-12-21 05:28:13.728707,2,0
2024-12-21 05:28:18.703745,2,0
2024-12-21 05:28:18.800484,0,22
2024-12-21 05:28:19.699764,3,0
2024-12-21 05:28:23.760045,0,0
2024-12-21 05:28:28.736789,0,0
2024-12-21 05:28:29.780476,3,0
2024-12-21 05:28:33.725847,2,0
2024-12-21 05:28:33.767196,0,0
2024-12-21 05:28:34.730701,3,0
2024-12-21 05:28:38.730879,2,0
2024-12-21 05:28:43.750809,2,0
2024-12-21 05:28:44.760977,3,0
2024-12-21 05:28:48.780666,2,0
2024-12-21 08:34:57.052034,3,0
2024-12-21 08:34:58.270601,3,0
2024-12-21 08:34:58.311838,0,0
2024-12-21 08:35:07.331402,2,0
2024-12-21 08:35:08.326263,0,0
2024-12-21 08:35:08.613324,0,247
2024-12-21 08:35:13.567712,0,0
2024-12-21 08:35:17.326192,2,0
2024-12-21 08:35:19.246877,0,0
2024-12-21 08:35:20.416371,0,55
2024-12-21 08:35:27.104349,0,39
2024-12-21 08:35:27.318357,2,0
2024-12-21 08:35:32.347919,2,0
2024-12-21 08:35:35.561323,0,16
2024-12-21 08:35:38.151927,0,23
2024-12-21 08:35:38.362145,3,0
2024-12-21 08:35:41.408832,0,19
2024-12-21 08:35:43.322004,3,0
2024-12-21 08:35:47.16836,0,20
2024-12-21 08:35:47.381474,2,0
2024-12-21 08:35:50.173392,0,19
2024-12-21 08:35:52.365677,2,0
2024-12-21 08:35:58.503718,0,15
2024-12-21 10:04:17.395556,3,0
2024-12-21 10:04:21.460665,2,0
2024-12-21 10:04:27.390784,3,0
2024-12-21 10:04:28.554498,0,18
2024-12-21 10:04:31.466206,2,0
2024-12-21 10:04:32.397475,3,0
2024-12-21 10:04:36.496876,2,0
2024-12-21 10:04:37.41516,3,0
2024-12-21 10:04:39.089604,0,13
2024-12-21 10:25:42.41731,2,0
2024-12-21 10:25:43.426734,3,0
2024-12-21 10:25:48.18657,0,20
2024-12-21 10:25:48.416119,3,0
2024-12-21 10:25:52.426416,2,0
2024-12-21 10:25:53.47657,3,0
2024-12-21 10:25:57.436302,2,0
2024-12-21 10:25:58.416092,3,0
2024-12-21 10:26:03.376613,3,0
2024-12-21 10:26:08.371101,3,0
2024-12-21 10:26:15.781202,0,0
2024-12-21 10:26:20.807354,0,0
2024-12-21 10:26:23.394792,3,0
2024-12-21 10:26:25.79612,0,0
2024-12-21 10:49:18.561558,0,12
2024-12-21 10:49:24.480942,3,0
2024-12-21 10:49:27.491188,0,13
2024-12-21 10:49:31.161272,0,16
2024-12-21 10:49:34.505867,3,0
2024-12-21 10:49:38.540924,2,0
2024-12-21 10:49:41.568993,0,0
2024-12-21 10:49:43.097188,0,37
2024-12-21 10:49:44.566433,3,0
2024-12-21 10:49:46.111844,0,20
2024-12-21 10:49:49.512391,3,0
2024-12-21 10:49:51.273694,0,23
2024-12-21 10:49:54.562264,3,0
2024-12-21 10:49:59.6172,3,0
2024-12-21 10:50:01.553623,0,21
2024-12-21 10:50:04.652039,3,0
2024-12-21 10:50:06.303108,0,26
2024-12-21 10:50:09.622669,3,0
2024-12-21 10:50:10.676521,0,27
2024-12-21 10:50:12.814235,0,28
2024-12-21 10:50:14.582634,3,0
2024-12-21 10:50:15.013031,0,27
2024-12-21 10:50:18.586641,2,0
2024-12-21 10:50:19.367201,0,27
2024-12-21 10:50:23.847904,0,27
2024-12-21 10:50:25.897186,0,28
2024-12-21 10:50:28.153835,0,26
2024-12-21 10:50:29.51086,3,0
2024-12-21 10:50:30.623565,0,25
2024-12-21 10:50:33.213364,0,22
2024-12-21 10:50:36.237625,0,19
2024-12-21 10:50:39.578213,3,0
2024-12-21 10:50:43.353526,0,24
2024-12-21 10:50:43.583308,2,0
2024-12-21 10:50:44.577354,3,0
2024-12-21 10:50:45.857764,0,24
2024-12-21 10:50:48.354858,0,23
2024-12-21 10:50:48.576761,2,0
2024-12-21 10:50:54.543881,3,0
2024-12-21 10:50:58.248086,0,12
2024-12-21 10:51:05.109432,0,16
2024-12-21 10:51:08.570371,2,0
2024-12-21 02:53:15.924911,2,0
2024-12-21 02:53:15.97096,0,0
2024-12-21 02:53:15.980609,0,0
2024-12-21 02:53:16.611643,2,0
2024-12-21 02:53:17.64411,3,0
2024-12-21 02:53:21.581235,2,0
2024-12-21 02:53:22.631645,3,0
2024-12-21 02:53:25.985563,0,0
2024-12-21 02:53:26.582002,2,0
2024-12-21 02:53:27.657236,3,0
2024-12-21 04:40:27.540628,3,0
2024-12-21 04:40:32.629646,0,0
2024-12-21 04:40:37.629211,0,0
2024-12-21 04:40:51.899807,0,18
2024-12-21 04:40:52.626127,3,0
2024-12-21 04:40:56.566416,2,0
2024-12-21 04:40:57.58017,3,0
2024-12-21 04:41:01.636193,2,0
2024-12-21 04:41:06.934581,0,0
2024-12-21 04:41:07.560505,3,0
2024-12-21 04:41:11.581883,2,0
2024-12-21 04:41:15.66503,0,0
2024-12-21 04:41:20.650272,0,0
2024-12-21 04:41:21.591132,2,0
2024-12-21 04:41:22.548264,3,0
2024-12-21 04:41:25.66472,0,0
2024-12-21 04:41:27.63089,3,0
2024-12-21 04:41:35.67981,0,0
2024-12-21 04:41:36.615729,2,0
2024-12-21 04:41:40.680375,0,0
2024-12-21 04:41:41.605663,2,0
2024-12-21 04:41:45.670515,0,0
2024-12-21 04:41:47.59103,3,0
2024-12-21 05:28:38.767049,0,0
2024-12-21 05:28:39.730678,3,0
2024-12-21 05:28:43.761889,0,0
2024-12-21 05:28:49.740901,3,0
2024-12-21 05:28:51.13947,0,25
2024-12-21 05:28:53.745054,2,0
2024-12-21 05:28:58.751225,2,0
2024-12-21 05:28:59.708976,3,0
2024-12-21 05:29:00.80099,0,0
2024-12-21 05:29:03.765184,2,0
2024-12-21 05:29:05.806628,0,0
2024-12-21 05:29:08.764964,2,0
2024-12-21 05:29:10.8358,0,0
2024-12-21 05:29:14.705358,3,0
2024-12-21 05:29:15.756256,0,0
2024-12-21 05:29:18.77542,2,0
2024-12-21 05:29:19.775187,3,0
2024-12-21 05:29:24.750251,3,0
2024-12-21 08:35:02.295788,2,0
2024-12-21 08:35:03.28333,3,0
2024-12-21 08:35:03.331819,0,0
2024-12-21 08:35:08.325774,3,0
2024-12-21 08:35:12.332352,2,0
2024-12-21 08:35:13.337442,3,0
2024-12-21 08:35:14.237892,0,85
2024-12-21 08:35:18.306154,3,0
2024-12-21 08:35:22.361596,2,0
2024-12-21 08:35:23.32104,3,0
2024-12-21 08:35:25.309185,0,0
2024-12-21 08:35:25.466104,0,357
2024-12-21 08:35:28.388546,3,0
2024-12-21 08:36:01.241678,0,21
2024-12-21 08:36:03.351202,3,0
2024-12-21 08:36:03.944916,0,22
2024-12-21 08:36:06.708418,0,21
2024-12-21 08:36:07.38149,2,0
2024-12-21 08:36:08.377426,3,0
2024-12-21 08:36:09.851931,0,19
2024-12-21 08:36:13.406821,3,0
2024-12-21 08:36:15.64927,0,21
2024-12-21 08:36:18.377385,3,0
2024-12-21 08:36:18.629809,0,21
2024-12-21 08:36:21.808159,0,18
2024-12-21 08:36:22.408127,2,0
2024-12-21 08:36:27.387652,2,0
2024-12-21 08:36:32.421388,2,0
2024-12-21 08:36:38.403575,3,0
2024-12-21 10:04:31.425569,0,22
2024-12-21 10:04:34.735226,0,16
2024-12-21 10:34:43.921623,3,0
2024-12-21 10:34:47.84125,2,0
2024-12-21 10:34:48.806446,3,0
2024-12-21 10:34:50.361344,0,0
2024-12-21 10:34:52.82144,2,0
2024-12-21 10:34:53.801382,3,0
2024-12-21 10:34:55.361337,0,0
2024-12-21 10:34:57.84238,2,0
2024-12-21 10:34:58.811446,3,0
2024-12-21 10:35:00.361415,0,0
2024-12-21 10:35:02.851248,2,0
2024-12-21 10:35:03.816689,3,0
2024-12-21 10:35:05.376147,0,0
2024-12-21 10:49:19.470868,3,0
2024-12-21 10:49:23.251906,0,13
2024-12-21 10:49:23.595633,2,0
2024-12-21 10:49:28.510865,2,0
2024-12-21 10:49:29.485735,3,0
2024-12-21 10:49:33.520529,2,0
2024-12-21 10:49:33.802799,0,21
2024-12-21 10:49:36.566233,0,22
2024-12-21 10:49:39.536354,3,0
2024-12-21 10:49:43.587229,2,0
2024-12-21 10:49:48.556396,2,0
2024-12-21 10:49:48.727217,0,22
2024-12-21 10:49:53.616612,2,0
2024-12-21 10:49:53.832884,0,24
2024-12-21 10:49:56.146829,0,24
2024-12-21 10:49:58.556345,2,0
2024-12-21 10:49:58.83819,0,22
2024-12-21 10:50:03.567516,2,0
2024-12-21 10:50:03.973702,0,24
2024-12-21 10:50:08.487773,0,27
2024-12-21 10:50:08.616636,2,0
2024-12-21 10:50:13.58271,2,0
2024-12-21 10:50:17.177926,0,27
2024-12-21 10:50:19.541836,3,0
2024-12-21 10:50:21.596858,0,27
2024-12-21 10:50:23.567524,2,0
2024-12-21 10:50:24.61255,3,0
2024-12-21 10:50:28.595653,2,0
2024-12-21 10:50:33.562644,2,0
2024-12-21 10:50:34.522766,3,0
2024-12-21 10:50:38.542819,2,0
2024-12-21 10:50:38.668529,0,24
2024-12-21 10:50:40.964038,0,25
2024-12-21 10:50:49.599075,3,0
2024-12-21 10:50:53.399247,0,0
2024-12-21 10:50:53.623403,2,0
2024-12-21 10:50:58.572995,2,0
2024-12-21 02:53:20.980837,0,0
2024-12-21 04:40:27.631212,0,0
2024-12-21 04:40:31.554931,2,0
2024-12-21 04:40:32.535498,3,0
2024-12-21 04:40:36.53695,2,0
2024-12-21 04:40:37.551073,3,0
2024-12-21 04:40:41.394639,0,15
2024-12-21 04:40:41.529742,2,0
2024-12-21 04:40:42.536266,3,0
2024-12-21 04:40:45.359512,0,15
2024-12-21 04:40:46.551165,2,0
2024-12-21 04:40:47.579945,3,0
2024-12-21 04:40:48.709391,0,17
2024-12-21 04:40:51.59991,2,0
2024-12-21 04:40:56.949175,0,0
2024-12-21 04:41:01.910561,0,0
2024-12-21 04:41:02.530068,3,0
2024-12-21 04:41:06.570705,2,0
2024-12-21 04:41:10.644369,0,16
2024-12-21 04:41:12.610181,3,0
2024-12-21 04:41:16.585389,2,0
2024-12-21 04:41:17.550843,3,0
2024-12-21 04:41:26.610986,2,0
2024-12-21 04:41:30.779804,0,0
2024-12-21 04:41:31.591577,2,0
2024-12-21 04:41:32.561033,3,0
2024-12-21 04:41:37.621961,3,0
2024-12-21 04:41:42.565627,3,0
2024-12-21 04:41:46.554058,2,0
2024-12-21 05:42:13.217783,0,0
2024-12-21 05:42:14.350058,2,0
2024-12-21 05:42:15.347109,3,0
2024-12-21 05:42:21.286814,0,0
2024-12-21 05:42:27.227961,0,0
2024-12-21 05:42:27.357946,0,768
2024-12-21 05:42:29.368023,2,0
2024-12-21 05:42:30.350042,3,0
2024-12-21 05:42:35.5545,0,14
2024-12-21 05:42:40.627067,0,0
2024-12-21 05:42:44.787551,0,14
2024-12-21 05:42:45.370603,3,0
2024-12-21 05:42:48.029471,0,18
2024-12-21 05:42:49.439972,2,0
2024-12-21 05:42:50.440602,3,0
2024-12-21 05:42:50.736929,0,22
2024-12-21 05:42:54.450776,2,0
2024-12-21 05:42:55.398484,3,0
2024-12-21 05:42:58.438413,0,21
2024-12-21 05:43:00.410247,3,0
2024-12-21 05:43:03.608316,0,22
2024-12-21 05:43:04.410196,2,0
2024-12-21 05:43:06.259576,0,22
2024-12-21 05:43:09.428712,2,0
2024-12-21 05:43:10.412526,3,0
2024-12-21 05:43:14.08543,0,22
2024-12-21 05:43:14.550303,2,0
2024-12-21 05:43:16.656943,0,23
2024-12-21 05:43:19.086872,0,24
2024-12-21 05:43:19.4702,2,0
2024-12-21 05:43:21.556616,0,24
2024-12-21 05:43:25.372502,3,0
2024-12-21 05:43:27.019445,0,21
2024-12-21 05:43:29.432518,2,0
2024-12-21 05:43:35.381394,3,0
2024-12-21 05:43:37.926695,0,0
2024-12-21 05:43:39.458126,2,0
2024-12-21 05:43:40.398012,3,0
2024-12-21 05:43:42.938167,0,0
2024-12-21 05:43:44.389985,2,0
2024-12-21 05:43:45.396608,3,0
2024-12-21 05:43:45.477937,0,23
2024-12-21 08:35:32.051698,0,0
2024-12-21 08:35:33.324097,3,0
2024-12-21 08:35:37.350232,2,0
2024-12-21 08:35:42.343222,2,0
2024-12-21 08:35:44.272418,0,19
2024-12-21 08:35:48.381152,3,0
2024-12-21 08:35:53.328007,3,0
2024-12-21 08:35:54.608117,0,13
2024-12-21 08:35:57.431764,2,0
2024-12-21 08:35:58.506584,3,0
2024-12-21 08:36:02.377366,2,0
2024-12-21 08:36:12.397257,2,0
2024-12-21 08:36:12.9631,0,19
2024-12-21 08:36:17.398674,2,0
2024-12-21 08:36:23.362254,3,0
2024-12-21 08:36:24.543358,0,21
2024-12-21 08:36:27.127499,0,23
2024-12-21 08:36:28.327938,3,0
2024-12-21 08:36:29.662234,0,23
2024-12-21 08:36:32.202062,0,23
2024-12-21 08:36:33.322142,3,0
2024-12-21 08:36:34.562325,0,25
2024-12-21 08:36:36.84774,0,26
2024-12-21 08:36:37.424646,2,0
2024-12-21 08:36:39.202609,0,24
2024-12-21 10:12:51.811151,2,0
2024-12-21 10:12:53.868859,0,18
2024-12-21 10:12:56.836265,2,0
2024-12-21 10:12:57.811371,3,0
2024-12-21 10:13:02.821023,3,0
2024-12-21 10:13:07.837,3,0
2024-12-21 10:13:11.856481,2,0
2024-12-21 10:13:16.8965,2,0
2024-12-21 10:13:17.827276,3,0
2024-12-21 10:13:21.911704,2,0
2024-12-21 10:13:22.832521,3,0
2024-12-21 10:13:26.871769,2,0
2024-12-21 10:13:31.869544,2,0
2024-12-21 10:13:34.517335,0,36
2024-12-21 10:13:36.873708,2,0
2024-12-21 10:13:41.878268,2,0
2024-12-21 10:13:42.809108,3,0
2024-12-21 10:13:43.400221,0,15
2024-12-21 10:13:46.487696,0,19
2024-12-21 10:13:47.873055,3,0
2024-12-21 10:13:50.743198,0,14
2024-12-21 10:13:52.817785,3,0
2024-12-21 10:13:55.727512,0,0
2024-12-21 10:13:56.113146,0,135
2024-12-21 10:13:57.014306,2,0
2024-12-21 10:13:58.748837,0,23
2024-12-21 10:14:00.913459,0,27
2024-12-21 10:14:02.843697,3,0
2024-12-21 10:14:02.929035,0,28
2024-12-21 10:14:06.963356,2,0
2024-12-21 10:14:07.183621,0,26
2024-12-21 10:14:09.833337,0,22
2024-12-21 10:14:16.929346,2,0
2024-12-21 10:14:17.873398,0,21
2024-12-21 10:14:17.914264,3,0
2024-12-21 10:14:21.939815,2,0
2024-12-21 10:14:23.013507,3,0
2024-12-21 10:14:26.93366,2,0
2024-12-21 10:14:27.884717,3,0
2024-12-21 10:14:30.306238,0,27
2024-12-21 10:14:36.906537,2,0
2024-12-21 10:14:37.85661,3,0
2024-12-21 10:14:38.810974,0,29
2024-12-21 10:14:40.711238,0,31
2024-12-21 10:14:44.798843,0,28
2024-12-21 10:14:47.13952,0,25
2024-12-21 10:14:47.883648,3,0
2024-12-21 10:14:51.928481,2,0
2024-12-21 10:14:52.889242,3,0
2024-12-21 10:14:56.059056,0,29
2024-12-21 10:14:57.983059,0,29
2024-12-21 03:42:29.840579,3,0
2024-12-21 03:42:34.86613,3,0
2024-12-21 03:42:40.191458,0,0
2024-12-21 03:42:45.206252,0,0
2024-12-21 03:42:50.19176,0,0
2024-12-21 03:42:53.891591,2,0
2024-12-21 03:42:54.881673,3,0
2024-12-21 03:42:59.005656,2,0
2024-12-21 03:43:03.256462,0,14
2024-12-21 03:43:04.880465,3,0
2024-12-21 03:43:08.900373,2,0
2024-12-21 03:43:09.900545,3,0
2024-12-21 03:43:10.917931,0,16
2024-12-21 03:43:13.902936,2,0
2024-12-21 03:43:14.907562,3,0
2024-12-21 03:43:15.352621,0,13
2024-12-21 03:43:18.920889,2,0
2024-12-21 03:43:19.973038,3,0
2024-12-21 03:43:22.332939,0,16
2024-12-21 03:43:23.988987,2,0
2024-12-21 03:43:25.817653,0,17
2024-12-21 03:43:28.347922,0,23
2024-12-21 05:08:16.832499,0,0
2024-12-21 05:08:17.808741,2,0
2024-12-21 05:08:22.813952,2,0
2024-12-21 05:08:37.811449,2,0
2024-12-21 05:08:40.097571,0,0
2024-12-21 05:08:43.839034,3,0
2024-12-21 05:08:47.889362,2,0
2024-12-21 05:08:52.848544,2,0
2024-12-21 05:08:53.098355,0,0
2024-12-21 05:08:53.86367,3,0
2024-12-21 05:08:57.918399,2,0
2024-12-21 05:08:58.132671,0,0
2024-12-21 05:08:58.809562,3,0
2024-12-21 05:08:59.799249,0,35
2024-12-21 05:09:02.863642,2,0
2024-12-21 05:09:03.833917,3,0
2024-12-21 05:09:05.84918,0,55
2024-12-21 05:09:07.854434,2,0
2024-12-21 05:09:08.816606,3,0
2024-12-21 05:09:11.583565,0,24
2024-12-21 05:09:16.778691,0,22
2024-12-21 05:09:18.879866,3,0
2024-12-21 05:09:21.658227,0,0
2024-12-21 05:09:32.894164,2,0
2024-12-21 05:09:33.919486,3,0
2024-12-21 05:09:36.674588,0,0
2024-12-21 05:09:38.869224,3,0
2024-12-21 05:09:41.68942,0,0
2024-12-21 05:09:42.889626,2,0
2024-12-21 05:09:43.879903,3,0
2024-12-21 05:09:47.899137,2,0
2024-12-21 05:09:48.949858,3,0
2024-12-21 05:42:16.316722,0,19
2024-12-21 05:42:19.349563,2,0
2024-12-21 05:42:20.358056,3,0
2024-12-21 05:42:22.226773,0,61
2024-12-21 05:42:24.367422,2,0
2024-12-21 05:42:25.350683,3,0
2024-12-21 05:42:31.347837,0,14
2024-12-21 05:42:34.357803,2,0
2024-12-21 05:42:35.365458,3,0
2024-12-21 05:42:39.367787,2,0
2024-12-21 05:42:40.433713,3,0
2024-12-21 05:42:44.504476,2,0
2024-12-21 05:42:53.099881,0,25
2024-12-21 05:42:55.749775,0,23
2024-12-21 05:42:59.403238,2,0
2024-12-21 05:43:01.034625,0,23
2024-12-21 05:43:05.461183,3,0
2024-12-21 05:43:08.919733,0,23
2024-12-21 05:43:11.387559,0,23
2024-12-21 05:43:15.353976,3,0
2024-12-21 05:43:20.417841,3,0
2024-12-21 05:43:24.218422,0,22
2024-12-21 05:43:24.443871,2,0
2024-12-21 05:43:29.409563,0,24
2024-12-21 05:43:30.378723,3,0
2024-12-21 05:43:32.987958,0,17
2024-12-21 05:43:34.43369,2,0
2024-12-21 09:09:08.894469,2,0
2024-12-21 09:09:12.200273,0,0
2024-12-21 09:09:17.199423,0,0
2024-12-21 09:09:22.204312,0,0
2024-12-21 09:09:38.964173,2,0
2024-12-21 09:09:39.924232,3,0
2024-12-21 09:09:43.968378,2,0
2024-12-21 09:09:44.187778,0,0
2024-12-21 09:09:44.874377,3,0
2024-12-21 09:09:48.972096,2,0
2024-12-21 09:09:49.353587,0,568
2024-12-21 09:09:52.964205,0,16
2024-12-21 09:09:54.944335,3,0
2024-12-21 09:09:59.264359,0,18
2024-12-21 09:10:07.871811,0,22
2024-12-21 09:10:08.932538,2,0
2024-12-21 09:10:13.384226,0,20
2024-12-21 09:10:13.932077,2,0
2024-12-21 09:10:14.911242,3,0
2024-12-21 09:10:17.329729,0,15
2024-12-21 09:10:18.953173,2,0
2024-12-21 10:12:57.461756,0,16
2024-12-21 10:13:01.851765,2,0
2024-12-21 10:13:02.457258,0,0
2024-12-21 10:13:02.923574,0,166
2024-12-21 10:13:06.831576,2,0
2024-12-21 10:13:07.886663,0,0
2024-12-21 10:13:12.827727,3,0
2024-12-21 10:13:12.851999,0,0
2024-12-21 10:13:17.872415,0,0
2024-12-21 10:13:22.867017,0,0
2024-12-21 10:13:27.826591,0,0
2024-12-21 10:13:27.902791,3,0
2024-12-21 10:13:32.821972,0,0
2024-12-21 10:13:32.918181,3,0
2024-12-21 10:13:37.86308,3,0
2024-12-21 10:13:39.548567,0,0
2024-12-21 10:13:47.008496,2,0
2024-12-21 10:13:51.883167,2,0
2024-12-21 10:13:57.895516,3,0
2024-12-21 10:14:01.90499,2,0
2024-12-21 10:14:07.833157,3,0
2024-12-21 10:14:12.030835,2,0
2024-12-21 10:14:12.432566,0,22
2024-12-21 10:14:12.858665,3,0
2024-12-21 10:14:15.076115,0,23
2024-12-21 10:14:20.53303,0,22
2024-12-21 10:14:23.244952,0,22
2024-12-21 10:14:25.748587,0,23
2024-12-21 10:14:28.06902,0,25
2024-12-21 10:14:31.981172,2,0
2024-12-21 10:14:32.496519,0,27
2024-12-21 10:14:32.872339,3,0
2024-12-21 10:14:34.636444,0,27
2024-12-21 10:14:36.777249,0,28
2024-12-21 10:14:41.907038,2,0
2024-12-21 10:14:42.634126,0,31
2024-12-21 00:39:26.616932,3,0
2024-12-21 00:39:29.752018,0,22
2024-12-21 00:39:30.453142,2,0
2024-12-21 00:39:31.526944,3,0
2024-12-21 00:39:32.356913,0,22
2024-12-21 00:39:34.932277,0,23
2024-12-21 00:39:35.441182,2,0
2024-12-21 00:39:36.641409,3,0
2024-12-21 00:39:37.471914,0,23
2024-12-21 00:39:40.066573,0,23
2024-12-21 00:39:40.456915,2,0
2024-12-21 00:39:41.531229,3,0
2024-12-21 00:39:42.462083,0,25
2024-12-21 00:39:44.951811,0,24
2024-12-21 00:39:45.481443,2,0
2024-12-21 00:39:46.576613,3,0
2024-12-21 00:39:47.301564,0,24
2024-12-21 00:39:49.742252,0,24
2024-12-21 00:39:50.471797,2,0
2024-12-21 00:39:51.541696,3,0
2024-12-21 00:39:52.232056,0,24
2024-12-21 00:39:54.741944,0,23
2024-12-21 00:39:55.483121,2,0
2024-12-21 00:39:56.542522,3,0
2024-12-21 00:39:57.377513,0,22
2024-12-21 00:39:59.952443,0,22
2024-12-21 00:40:00.467103,2,0
2024-12-21 00:40:01.543234,3,0
2024-12-21 00:40:02.712725,0,22
2024-12-21 00:40:05.48707,2,0
2024-12-21 00:40:05.772862,0,19
2024-12-21 00:40:06.542447,3,0
2024-12-21 00:40:10.477078,2,0
2024-12-21 00:40:10.587179,0,12
2024-12-21 00:40:11.579347,3,0
2024-12-21 00:40:15.493778,2,0
2024-12-21 00:40:15.652114,0,0
2024-12-21 00:40:16.562622,3,0
2024-12-21 00:40:20.497644,2,0
2024-12-21 00:40:20.552464,0,0
2024-12-21 00:40:21.692901,3,0
2024-12-21 00:40:25.50269,0,0
2024-12-21 00:40:25.644403,2,0
2024-12-21 00:40:26.517421,3,0
2024-12-21 00:40:30.513153,2,0
2024-12-21 00:40:30.517261,0,0
2024-12-21 00:40:31.538735,3,0
2024-12-21 00:40:35.518208,0,0
2024-12-21 00:40:35.518651,2,0
2024-12-21 00:40:36.693366,3,0
2024-12-21 00:40:40.532682,2,0
2024-12-21 00:40:40.533008,0,0
2024-12-21 00:40:41.523088,3,0
2024-12-21 00:40:45.51792,2,0
2024-12-21 00:40:45.583299,0,0
2024-12-21 00:40:46.598466,3,0
2024-12-21 00:40:50.527652,2,0
2024-12-21 00:40:50.528017,0,0
2024-12-21 00:40:51.552737,3,0
2024-12-21 00:40:55.53801,0,0
2024-12-21 00:40:55.55289,2,0
2024-12-21 00:40:56.613266,3,0
2024-12-21 00:41:00.55404,2,0
2024-12-21 00:41:00.613412,0,0
2024-12-21 00:41:01.612743,3,0
2024-12-21 00:41:05.503521,2,0
2024-12-21 00:41:05.552803,0,0
2024-12-21 00:41:06.562808,3,0
2024-12-21 00:41:10.56282,2,0
2024-12-21 00:41:10.762914,0,0
2024-12-21 00:41:11.753409,3,0
2024-12-21 00:41:15.504386,2,0
2024-12-21 00:41:15.559245,0,0
2024-12-21 00:41:16.573144,3,0
2024-12-21 00:41:17.023889,0,41
2024-12-21 00:41:20.533317,2,0
2024-12-21 00:41:21.584784,3,0
2024-12-21 00:41:22.078013,0,0
2024-12-21 00:41:25.523922,2,0
2024-12-21 00:41:26.593024,3,0
2024-12-21 00:41:27.093332,0,0
2024-12-21 00:41:30.528266,2,0
2024-12-21 00:41:31.602815,3,0
2024-12-21 00:41:32.043692,0,0
2024-12-21 00:41:35.533019,2,0
2024-12-21 00:41:36.604119,3,0
2024-12-21 00:41:37.103307,0,0
2024-12-21 00:41:40.543949,2,0
2024-12-21 00:41:41.673664,3,0
2024-12-21 00:41:42.008053,0,0
2024-12-21 00:41:45.633395,2,0
2024-12-21 00:41:46.618263,3,0
2024-12-21 00:41:46.998373,0,0
2024-12-21 00:41:50.553314,2,0
2024-12-21 00:41:51.613713,3,0
2024-12-21 00:41:52.063984,0,0
2024-12-21 00:41:55.573734,2,0
2024-12-21 00:41:56.62358,3,0
2024-12-21 00:41:57.013489,0,0
2024-12-21 00:42:00.563694,2,0
2024-12-21 00:42:01.63884,3,0
2024-12-21 00:42:02.066176,0,0
2024-12-21 00:42:05.574502,2,0
2024-12-21 00:42:06.653489,3,0
2024-12-21 00:42:07.013747,0,0
2024-12-21 00:55:42.251632,3,0
2024-12-21 00:55:43.706616,0,25
2024-12-21 00:55:45.501005,0,18
2024-12-21 00:55:47.32106,3,0
2024-12-21 00:55:48.280885,0,21
2024-12-21 00:55:51.260849,2,0
2024-12-21 00:55:51.865926,0,16
2024-12-21 00:55:52.262345,3,0
2024-12-21 00:55:56.196257,2,0
2024-12-21 00:55:56.881076,0,0
2024-12-21 00:55:57.276116,3,0
2024-12-21 00:56:01.201579,2,0
2024-12-21 00:56:01.914092,0,0
2024-12-21 00:56:02.260359,3,0
2024-12-21 00:56:06.279542,2,0
2024-12-21 00:56:06.869514,0,0
2024-12-21 00:56:07.289584,3,0
2024-12-21 00:56:11.219061,2,0
2024-12-21 00:56:11.899146,0,0
2024-12-21 00:56:12.56979,3,0
2024-12-21 00:56:16.278897,2,0
2024-12-21 00:56:16.939405,0,0
2024-12-21 00:56:17.343998,3,0
2024-12-21 00:56:21.229413,2,0
2024-12-21 00:56:21.889019,0,0
2024-12-21 00:56:22.529842,3,0
2024-12-21 00:56:26.240117,2,0
2024-12-21 00:56:26.904421,0,0
2024-12-21 00:56:27.380021,3,0
2024-12-21 00:56:31.249172,2,0
2024-12-21 00:56:31.909138,0,0
2024-12-21 00:56:32.315231,3,0
2024-12-21 00:56:36.9152,0,0
2024-12-21 00:56:37.380123,3,0
2024-12-21 00:56:41.259917,2,0
2024-12-21 00:56:41.869849,0,0
2024-12-21 00:56:46.265301,2,0
2024-12-21 00:56:47.259556,3,0
2024-12-21 00:56:51.259829,2,0
2024-12-21 00:56:51.874151,0,0
2024-12-21 00:56:56.286132,2,0
2024-12-21 00:56:56.879535,0,0
2024-12-21 00:57:01.225984,2,0
2024-12-21 00:57:02.280369,3,0
2024-12-21 00:57:06.889511,0,0
2024-12-21 00:57:11.240872,2,0
2024-12-21 00:57:12.315176,3,0
2024-12-21 00:57:16.310408,2,0
2024-12-21 00:57:16.949917,0,0
2024-12-21 00:57:17.490004,3,0
2024-12-21 00:57:26.260253,2,0
2024-12-21 00:57:31.260192,2,0
2024-12-21 00:57:37.390369,3,0
2024-12-21 03:42:30.185572,0,0
2024-12-21 03:42:35.176202,0,0
2024-12-21 03:42:38.850274,2,0
2024-12-21 03:42:39.862797,3,0
2024-12-21 03:42:43.886474,2,0
2024-12-21 03:42:44.870624,3,0
2024-12-21 03:42:48.870969,2,0
2024-12-21 03:42:49.867208,3,0
2024-12-21 03:42:54.248385,0,15
2024-12-21 03:42:59.075675,0,12
2024-12-21 03:42:59.930737,3,0
2024-12-21 03:43:03.910834,2,0
2024-12-21 03:43:07.14063,0,15
2024-12-21 03:43:18.767722,0,17
2024-12-21 03:43:24.988021,3,0
2024-12-21 05:08:21.812661,0,0
2024-12-21 05:08:26.090717,0,14
2024-12-21 05:08:27.823827,2,0
2024-12-21 05:08:30.757538,0,12
2024-12-21 05:08:32.826397,2,0
2024-12-21 05:08:33.848811,3,0
2024-12-21 05:08:35.080689,0,13
2024-12-21 05:08:38.872421,3,0
2024-12-21 05:08:40.207818,0,2559
2024-12-21 05:08:42.828242,2,0
2024-12-21 05:08:45.14842,0,0
2024-12-21 05:08:48.143916,0,20
2024-12-21 05:08:48.779028,3,0
2024-12-21 05:09:04.838404,0,0
2024-12-21 05:09:09.133925,0,18
2024-12-21 05:09:12.873872,2,0
2024-12-21 05:09:13.878841,3,0
2024-12-21 05:09:14.018462,0,24
2024-12-21 05:09:17.858864,2,0
2024-12-21 05:09:22.93895,2,0
2024-12-21 05:09:23.879081,3,0
2024-12-21 05:09:26.789062,0,0
2024-12-21 05:09:27.944673,2,0
2024-12-21 05:09:28.823737,3,0
2024-12-21 05:09:31.698812,0,0
2024-12-21 05:09:37.964397,2,0
2024-12-21 05:09:46.698714,0,0
2024-12-21 06:55:21.945937,0,0
2024-12-21 06:55:26.935939,0,0
2024-12-21 06:55:29.465476,2,0
2024-12-21 06:55:32.75549,2,0
2024-12-21 06:55:33.224371,0,0
2024-12-21 06:55:37.728814,2,0
2024-12-21 06:55:38.803499,0,0
2024-12-21 06:55:40.108961,0,44
2024-12-21 06:55:43.700068,3,0
2024-12-21 06:55:45.27074,0,853
2024-12-21 06:55:47.735975,2,0
2024-12-21 06:55:48.761686,3,0
2024-12-21 06:55:50.615872,0,176
2024-12-21 06:55:52.734308,2,0
2024-12-21 06:55:56.228423,0,87
2024-12-21 06:55:57.728429,2,0
2024-12-21 06:55:59.463777,0,18
2024-12-21 06:56:02.753581,2,0
2024-12-21 06:56:03.719604,3,0
2024-12-21 06:56:05.129877,0,20
2024-12-21 06:56:07.948382,0,21
2024-12-21 06:56:08.709649,3,0
2024-12-21 06:56:10.703353,0,22
2024-12-21 06:56:13.275309,0,22
2024-12-21 06:56:15.919383,0,22
2024-12-21 06:56:18.540069,0,22
2024-12-21 06:56:18.7146,3,0
2024-12-21 06:56:21.154366,0,22
2024-12-21 06:56:23.869068,0,22
2024-12-21 09:09:13.899164,2,0
2024-12-21 09:09:14.859814,3,0
2024-12-21 09:09:18.886042,2,0
2024-12-21 09:09:19.910522,3,0
2024-12-21 09:09:23.997963,2,0
2024-12-21 09:09:24.897894,3,0
2024-12-21 09:09:27.211547,0,0
2024-12-21 09:09:28.892933,2,0
2024-12-21 09:09:29.863101,3,0
2024-12-21 09:09:32.262168,0,0
2024-12-21 09:09:33.161541,0,64
2024-12-21 09:09:33.913082,2,0
2024-12-21 09:09:34.871423,3,0
2024-12-21 09:09:38.234976,0,0
2024-12-21 09:09:39.231905,0,57
2024-12-21 09:09:49.273133,0,0
2024-12-21 09:09:49.874165,3,0
2024-12-21 09:09:53.921961,2,0
2024-12-21 09:09:55.951791,0,19
2024-12-21 09:09:58.931966,2,0
2024-12-21 09:09:59.89453,3,0
2024-12-21 09:10:02.422544,0,19
2024-12-21 09:10:03.955825,2,0
2024-12-21 09:10:04.902226,3,0
2024-12-21 09:10:05.173872,0,21
2024-12-21 09:10:09.942788,3,0
2024-12-21 09:10:10.51406,0,22
2024-12-21 09:10:19.974262,3,0
2024-12-21 10:14:42.883356,3,0
2024-12-21 10:14:46.964892,2,0
2024-12-21 10:14:49.618425,0,24
2024-12-21 10:14:51.79935,0,27
2024-12-21 10:14:53.934672,0,28
2024-12-21 10:14:56.923995,2,0
2024-12-21 10:14:57.925716,3,0
2024-12-21 10:15:00.004156,0,29
2024-12-21 10:15:01.973262,0,30
2024-12-21 10:15:06.09934,0,22
2024-12-21 10:15:07.913514,3,0
2024-12-21 10:15:08.569261,0,25
2024-12-21 10:15:11.048925,0,23
2024-12-21 10:15:14.208176,0,18
2024-12-21 10:35:07.852305,2,0
2024-12-21 10:35:08.860026,3,0
2024-12-21 10:35:12.893093,2,0
2024-12-21 10:35:17.85662,2,0
2024-12-21 10:35:22.860985,2,0
2024-12-21 10:35:25.401122,0,0
2024-12-21 10:35:27.854208,2,0
2024-12-21 10:50:59.597743,3,0
2024-12-21 10:51:01.584214,0,17
2024-12-21 10:51:03.577935,2,0
2024-12-21 10:51:04.578757,3,0
2024-12-21 10:51:13.588519,2,0
2024-12-21 10:51:18.633678,2,0
2024-12-21 10:51:21.473624,0,0
2024-12-21 10:51:24.64455,3,0
2024-12-21 10:51:26.475191,0,0
2024-12-21 12:35:45.236507,0,0
2024-12-21 12:35:53.425986,2,0
2024-12-21 12:35:54.341668,3,0
2024-12-21 12:35:54.576196,0,0
2024-12-21 12:35:59.416013,3,0
2024-12-21 12:36:03.480999,2,0
2024-12-21 00:56:36.320018,2,0
2024-12-21 00:56:42.260095,3,0
2024-12-21 00:56:46.864405,0,0
2024-12-21 00:56:52.324528,3,0
2024-12-21 00:56:57.269992,3,0
2024-12-21 00:57:01.899544,0,0
2024-12-21 00:57:06.24154,2,0
2024-12-21 00:57:07.30999,3,0
2024-12-21 00:57:11.889852,0,0
2024-12-21 00:57:21.240396,2,0
2024-12-21 00:57:21.910155,0,0
2024-12-21 00:57:22.319998,3,0
2024-12-21 00:57:26.915263,0,0
2024-12-21 00:57:27.326048,3,0
2024-12-21 00:57:31.935682,0,0
2024-12-21 00:57:32.310734,3,0
2024-12-21 00:57:36.260767,2,0
2024-12-21 00:57:36.945586,0,0
2024-12-21 01:35:17.540058,0,20
2024-12-21 01:35:21.408636,0,14
2024-12-21 01:35:23.059633,2,0
2024-12-21 01:35:25.193926,0,15
2024-12-21 01:35:27.990497,2,0
2024-12-21 01:35:28.338888,0,19
2024-12-21 01:35:29.054414,3,0
2024-12-21 01:35:31.368727,0,19
2024-12-21 01:35:32.999715,2,0
2024-12-21 01:35:34.04925,3,0
2024-12-21 01:35:35.408804,0,14
2024-12-21 01:35:38.019624,2,0
2024-12-21 01:35:39.069601,3,0
2024-12-21 01:35:40.418786,0,0
2024-12-21 01:35:40.929448,0,121
2024-12-21 01:35:43.030509,2,0
2024-12-21 01:35:43.804519,0,22
2024-12-21 01:35:44.070527,3,0
2024-12-21 01:35:46.099299,0,24
2024-12-21 03:43:28.95788,2,0
2024-12-21 03:43:30.819169,0,24
2024-12-21 03:43:33.354021,0,23
2024-12-21 03:43:33.982789,2,0
2024-12-21 03:43:34.938517,3,0
2024-12-21 03:43:35.886618,0,23
2024-12-21 03:43:38.87609,2,0
2024-12-21 03:43:39.990859,3,0
2024-12-21 03:43:41.246216,0,21
2024-12-21 03:43:43.996621,0,22
2024-12-21 03:43:44.931173,3,0
2024-12-21 03:43:49.271266,0,22
2024-12-21 03:43:50.000938,3,0
2024-12-21 05:09:51.708871,0,0
2024-12-21 05:09:52.859538,2,0
2024-12-21 05:09:53.884054,3,0
2024-12-21 06:55:28.23624,0,48
2024-12-21 06:55:33.734703,3,0
2024-12-21 06:55:33.789621,0,105
2024-12-21 06:55:38.754363,3,0
2024-12-21 06:55:42.78317,2,0
2024-12-21 06:55:45.096031,0,0
2024-12-21 06:55:50.259326,0,0
2024-12-21 06:55:53.698438,3,0
2024-12-21 06:55:55.563051,0,0
2024-12-21 06:55:58.807983,3,0
2024-12-21 06:56:02.199406,0,21
2024-12-21 06:56:07.868114,2,0
2024-12-21 06:56:12.813686,2,0
2024-12-21 06:56:13.728305,3,0
2024-12-21 06:56:17.769027,2,0
2024-12-21 06:56:22.778183,2,0
2024-12-21 06:56:23.748035,3,0
2024-12-21 10:02:14.068968,0,0
2024-12-21 10:02:21.366762,2,0
2024-12-21 10:02:22.294946,3,0
2024-12-21 10:02:25.71065,0,80
2024-12-21 10:02:26.382196,2,0
2024-12-21 10:02:27.336473,3,0
2024-12-21 10:02:38.652716,0,0
2024-12-21 10:02:39.653308,0,62
2024-12-21 10:02:44.605394,0,0
2024-12-21 10:02:46.326892,2,0
2024-12-21 10:02:47.34885,3,0
2024-12-21 10:02:52.354058,3,0
2024-12-21 10:02:53.654856,0,19
2024-12-21 10:02:56.335266,2,0
2024-12-21 10:03:06.388047,2,0
2024-12-21 10:03:11.933192,0,0
2024-12-21 10:03:16.375407,2,0
2024-12-21 10:03:16.953445,0,0
2024-12-21 10:03:17.375274,3,0
2024-12-21 10:03:18.745659,0,40
2024-12-21 10:03:21.39901,0,20
2024-12-21 10:03:22.368775,3,0
2024-12-21 10:03:27.923519,0,16
2024-12-21 10:03:32.934132,0,0
2024-12-21 10:03:36.40469,2,0
2024-12-21 10:03:37.354477,3,0
2024-12-21 10:03:41.415441,2,0
2024-12-21 10:03:42.350304,3,0
2024-12-21 10:03:47.938351,0,0
2024-12-21 10:03:51.434857,2,0
2024-12-21 10:03:52.354886,3,0
2024-12-21 10:03:57.974328,0,0
2024-12-21 10:04:02.429197,3,0
2024-12-21 10:04:02.454922,0,13
2024-12-21 10:04:07.375528,3,0
2024-12-21 10:04:08.809515,0,44
2024-12-21 10:04:11.444717,2,0
2024-12-21 10:04:11.681517,0,20
2024-12-21 10:04:12.375996,3,0
2024-12-21 10:15:01.919314,2,0
2024-12-21 10:15:02.964571,3,0
2024-12-21 10:15:06.948762,2,0
2024-12-21 10:15:11.943955,2,0
2024-12-21 10:15:12.923874,3,0
2024-12-21 10:35:10.373134,0,0
2024-12-21 10:35:13.808416,3,0
2024-12-21 10:35:15.379128,0,0
2024-12-21 10:35:18.821092,3,0
2024-12-21 10:35:20.378089,0,0
2024-12-21 10:35:23.830155,3,0
2024-12-21 10:35:28.824662,3,0
2024-12-21 10:35:30.459034,0,0
2024-12-21 10:51:09.543261,3,0
2024-12-21 10:51:09.664151,0,13
2024-12-21 10:51:11.524579,0,32
2024-12-21 10:51:14.574146,3,0
2024-12-21 10:51:16.508388,0,0
2024-12-21 10:51:19.553094,3,0
2024-12-21 10:51:23.673765,2,0
2024-12-21 12:35:49.586141,0,0
2024-12-21 12:35:58.486561,2,0
2024-12-21 12:35:59.601067,0,0
2024-12-21 12:36:04.3519,3,0
2024-12-21 12:36:04.62669,0,0
2024-12-21 12:36:05.066472,0,137
2024-12-21 12:36:07.866464,0,21
2024-12-21 12:36:08.437191,2,0
2024-12-21 12:36:09.356604,3,0
2024-12-21 12:36:10.316798,0,24
2024-12-21 12:36:12.767141,0,24
2024-12-21 12:36:13.447434,2,0
2024-12-21 12:36:14.37794,3,0
2024-12-21 12:36:15.287205,0,23
2024-12-21 12:36:17.827637,0,23
2024-12-21 12:36:18.457692,2,0
2024-12-21 12:36:19.487958,3,0
2024-12-21 12:36:20.742003,0,20
2024-12-21 12:36:23.462638,2,0
2024-12-21 12:36:24.427861,3,0
2024-12-21 12:36:25.00845,0,13
2024-12-21 12:36:27.772712,0,21
2024-12-21 12:36:28.517777,2,0
2024-12-21 12:36:29.487683,3,0
2024-12-21 12:36:29.972151,0,27
2024-12-21 12:36:31.897537,0,30
2024-12-21 12:36:33.469254,2,0
2024-12-21 12:36:33.847728,0,31
2024-12-21 12:36:34.392924,3,0
2024-12-21 12:36:39.387702,3,0
2024-12-21 12:36:45.328594,0,32
2024-12-21 12:36:47.12761,0,34
2024-12-21 12:36:48.423198,2,0
2024-12-21 12:36:49.478838,3,0
2024-12-21 12:36:52.298383,0,34
2024-12-21 12:36:53.56902,2,0
2024-12-21 12:36:54.434441,3,0
2024-12-21 12:36:57.636228,0,34
2024-12-21 12:36:59.29419,0,37
2024-12-21 12:37:00.903353,0,36
2024-12-21 12:37:02.713296,0,32
2024-12-21 12:37:03.464173,2,0
2024-12-21 12:37:04.54012,3,0
2024-12-21 12:37:06.648166,0,30
2024-12-21 12:37:08.525915,0,32
2024-12-21 12:37:10.404267,0,31
2024-12-21 12:37:12.322929,0,31
2024-12-21 12:37:13.468052,2,0
2024-12-21 12:37:14.294153,0,30
2024-12-21 12:37:16.318482,0,31
2024-12-21 12:37:19.498875,3,0
2024-12-21 12:37:21.959033,0,31
2024-12-21 12:37:23.868783,0,31
2024-12-21 12:37:28.483376,2,0
2024-12-21 12:37:29.463832,3,0
2024-12-21 12:37:29.838757,0,27
2024-12-21 12:37:33.49948,2,0
2024-12-21 12:37:37.528237,0,0
2024-12-21 12:37:38.563859,2,0
2024-12-21 12:37:42.485489,0,0
2024-12-21 12:37:43.488499,2,0
2024-12-21 12:37:47.479142,0,0
2024-12-21 12:37:48.499158,2,0
2024-12-21 12:37:49.42347,3,0
2024-12-21 12:37:54.418668,3,0
2024-12-21 12:37:58.528752,2,0
2024-12-21 12:37:59.434208,3,0
2024-12-21 12:38:02.528956,0,0
2024-12-21 12:38:07.509335,0,0
2024-12-21 12:38:13.53962,2,0
2024-12-21 12:38:27.525124,0,0
2024-12-21 12:38:29.459306,3,0
2024-12-21 12:38:33.559727,2,0
2024-12-21 12:38:37.546816,0,0
2024-12-21 12:38:38.565251,2,0
2024-12-21 12:38:39.48073,3,0
2024-12-21 12:38:43.585129,2,0
2024-12-21 12:38:44.484771,3,0
2024-12-21 12:38:47.54556,0,0
2024-12-21 12:38:52.559556,0,0
2024-12-21 13:38:21.293967,2,0
2024-12-21 13:38:22.252625,3,0
2024-12-21 14:12:08.450032,0,0
2024-12-21 14:12:13.024511,2,0
2024-12-21 14:12:13.794875,3,0
2024-12-21 14:12:17.870528,2,0
2024-12-21 14:12:18.426056,0,0
2024-12-21 14:12:18.816038,3,0
2024-12-21 14:12:23.416112,0,0
2024-12-21 14:12:23.790173,3,0
2024-12-21 14:12:27.974209,2,0
2024-12-21 14:12:32.935349,2,0
2024-12-21 14:12:33.845598,3,0
2024-12-21 14:12:36.744961,0,0
2024-12-21 14:12:37.945539,2,0
2024-12-21 14:12:42.895163,2,0
2024-12-21 14:12:52.926255,2,0
2024-12-21 14:12:53.956198,3,0
2024-12-21 14:13:00.581444,0,20
2024-12-21 14:13:02.980633,2,0
2024-12-21 14:13:03.925771,3,0
2024-12-21 14:13:07.946059,2,0
2024-12-21 14:13:13.865607,3,0
2024-12-21 14:13:17.966377,0,25
2024-12-21 14:13:22.885592,2,0
2024-12-21 14:13:22.966821,0,0
2024-12-21 14:13:28.890724,3,0
2024-12-21 14:13:32.900772,2,0
2024-12-21 14:13:33.886329,3,0
2024-12-21 14:13:38.886173,3,0
2024-12-21 14:13:42.948392,0,0
2024-12-21 14:13:43.01611,2,0
2024-12-21 14:13:43.892739,3,0
2024-12-21 14:13:52.956238,0,0
2024-12-21 14:13:53.887254,3,0
2024-12-21 14:13:58.036567,0,0
2024-12-21 14:13:58.866603,3,0
2024-12-21 14:14:02.951768,2,0
2024-12-21 14:14:02.98216,0,0
2024-12-21 14:14:04.451136,0,41
2024-12-21 14:14:08.536446,0,14
2024-12-21 14:14:12.144107,0,16
2024-12-21 14:14:13.98627,3,0
2024-12-21 14:14:23.035884,2,0
2024-12-21 14:14:23.996504,3,0
2024-12-21 14:14:27.966551,2,0
2024-12-21 14:14:29.016989,3,0
2024-12-21 14:14:32.996314,2,0
2024-12-21 14:14:33.557546,0,20
2024-12-21 14:14:37.981117,2,0
2024-12-21 14:14:38.586445,0,0
2024-12-21 14:14:38.906664,3,0
2024-12-21 14:14:43.911524,3,0
2024-12-21 14:14:48.642715,0,0
2024-12-21 14:14:52.98072,2,0
2024-12-21 14:14:53.646737,0,0
2024-12-21 14:14:53.916908,3,0
2024-12-21 14:14:58.941911,3,0
2024-12-21 14:15:03.016479,2,0
2024-12-21 14:15:03.966516,3,0
2024-12-21 14:15:08.032888,2,0
2024-12-21 14:15:08.632262,0,0
2024-12-21 14:15:08.998468,3,0
2024-12-21 14:15:13.962248,3,0
2024-12-21 14:15:18.027249,2,0
2024-12-21 14:15:18.623081,0,0
2024-12-21 14:15:22.993343,2,0
2024-12-21 14:15:23.997648,3,0
2024-12-21 14:15:28.068255,2,0
2024-12-21 14:15:28.643509,0,0
2024-12-21 14:15:28.967936,3,0
2024-12-21 14:15:32.888191,0,14
2024-12-21 14:15:33.972254,3,0
2024-12-21 14:15:42.872631,0,0
2024-12-21 14:15:43.048816,2,0
2024-12-21 14:15:44.263704,3,0
2024-12-21 14:15:48.023432,2,0
2024-12-21 14:15:49.05466,3,0
2024-12-21 14:15:49.118047,0,61
2024-12-21 14:15:52.037588,0,18
2024-12-21 14:15:53.013642,2,0
2024-12-21 14:15:58.023396,2,0
2024-12-21 14:16:08.054357,2,0
2024-12-21 14:16:12.854983,0,0
2024-12-21 14:16:13.092098,2,0
2024-12-21 14:16:13.584653,0,85
2024-12-21 14:16:18.047991,2,0
2024-12-21 14:16:23.047764,2,0
2024-12-21 14:16:23.588629,0,0
2024-12-21 14:16:23.987782,3,0
2024-12-21 14:16:28.063466,2,0
2024-12-21 14:16:28.993388,3,0
2024-12-21 14:16:33.048483,2,0
2024-12-21 14:16:38.99412,3,0
2024-12-21 14:16:43.089095,2,0
2024-12-21 14:16:43.614071,0,0
2024-12-21 14:16:48.579088,0,0
2024-12-21 14:35:13.953443,2,0
2024-12-21 14:35:18.963297,2,0
2024-12-21 14:35:26.607946,0,142
2024-12-21 14:35:41.378387,0,0
2024-12-21 14:35:46.433187,0,0
2024-12-21 14:35:48.933567,2,0
2024-12-21 14:35:51.403928,0,0
2024-12-21 14:35:53.984516,2,0
2024-12-21 12:36:35.591946,0,33
2024-12-21 12:36:37.688075,0,29
2024-12-21 12:36:38.458786,2,0
2024-12-21 12:36:39.708353,0,28
2024-12-21 12:36:41.657848,0,30
2024-12-21 12:36:43.504268,2,0
2024-12-21 12:36:43.543377,0,32
2024-12-21 12:36:44.398972,3,0
2024-12-21 12:36:48.818753,0,34
2024-12-21 12:36:50.679629,0,34
2024-12-21 12:36:54.09776,0,33
2024-12-21 12:36:55.913872,0,33
2024-12-21 12:36:58.458265,2,0
2024-12-21 12:36:59.473753,3,0
2024-12-21 12:37:04.698029,0,30
2024-12-21 12:37:08.463859,2,0
2024-12-21 12:37:09.538376,3,0
2024-12-21 12:37:14.454732,3,0
2024-12-21 12:37:18.128581,0,31
2024-12-21 12:37:18.458159,2,0
2024-12-21 12:37:20.165388,0,30
2024-12-21 12:37:23.474667,2,0
2024-12-21 12:37:24.448665,3,0
2024-12-21 12:37:25.712642,0,32
2024-12-21 12:37:27.62473,0,31
2024-12-21 12:37:32.524565,0,22
2024-12-21 12:37:34.464528,3,0
2024-12-21 12:37:39.413523,3,0
2024-12-21 12:37:44.430048,3,0
2024-12-21 12:37:52.478887,0,0
2024-12-21 12:37:53.558777,2,0
2024-12-21 12:37:57.50043,0,0
2024-12-21 12:38:03.628735,2,0
2024-12-21 12:38:04.444127,3,0
2024-12-21 12:38:08.539983,2,0
2024-12-21 12:38:09.431667,3,0
2024-12-21 12:38:12.505191,0,0
2024-12-21 12:38:14.445747,3,0
2024-12-21 12:38:17.525211,0,0
2024-12-21 12:38:18.543894,2,0
2024-12-21 12:38:19.484765,3,0
2024-12-21 12:38:22.524685,0,0
2024-12-21 12:38:23.549529,2,0
2024-12-21 12:38:24.476639,3,0
2024-12-21 12:38:28.619874,2,0
2024-12-21 12:38:32.539618,0,0
2024-12-21 12:38:34.545363,3,0
2024-12-21 12:38:42.659744,0,0
2024-12-21 12:38:48.545607,2,0
2024-12-21 12:38:49.48521,3,0
2024-12-21 12:38:53.589336,2,0
2024-12-21 12:38:54.505557,3,0
2024-12-21 12:38:57.565827,0,0
2024-12-21 12:38:58.639959,2,0
2024-12-21 12:38:59.525165,3,0
2024-12-21 12:39:02.580357,0,0
2024-12-21 12:39:03.544732,2,0
2024-12-21 12:39:04.523392,3,0
2024-12-21 13:08:57.643222,0,0
2024-12-21 13:09:00.893603,3,0
2024-12-21 13:09:02.658202,0,0
2024-12-21 13:09:05.933955,3,0
2024-12-21 13:09:07.67362,0,0
2024-12-21 13:09:10.874439,3,0
2024-12-21 13:09:12.683607,0,0
2024-12-21 13:09:14.959802,2,0
2024-12-21 13:09:15.889228,3,0
2024-12-21 13:09:17.689864,0,0
2024-12-21 13:09:19.949808,2,0
2024-12-21 13:09:20.913952,3,0
2024-12-21 13:09:22.704875,0,0
2024-12-21 13:09:24.930842,2,0
2024-12-21 13:09:25.9045,3,0
2024-12-21 13:09:27.699909,0,0
2024-12-21 13:09:30.015016,2,0
2024-12-21 13:09:30.916413,3,0
2024-12-21 13:09:32.779157,0,0
2024-12-21 13:09:34.964846,2,0
2024-12-21 13:09:35.994712,3,0
2024-12-21 13:09:37.703941,0,0
2024-12-21 13:09:40.009607,2,0
2024-12-21 13:09:40.98532,3,0
2024-12-21 13:09:42.644238,0,0
2024-12-21 13:09:44.985074,2,0
2024-12-21 13:09:45.984914,3,0
2024-12-21 13:09:47.679227,0,0
2024-12-21 13:09:49.98024,2,0
2024-12-21 13:09:50.935462,3,0
2024-12-21 13:09:52.795267,0,0
2024-12-21 13:09:55.011349,2,0
2024-12-21 13:09:55.974488,3,0
2024-12-21 13:09:57.744886,0,0
2024-12-21 13:10:00.005804,2,0
2024-12-21 13:10:00.954897,3,0
2024-12-21 13:10:02.749509,0,0
2024-12-21 13:10:04.994752,2,0
2024-12-21 13:10:05.920121,3,0
2024-12-21 13:10:07.694169,0,0
2024-12-21 13:10:10.065737,2,0
2024-12-21 13:10:10.990056,3,0
2024-12-21 13:10:12.709548,0,0
2024-12-21 13:10:15.015265,2,0
2024-12-21 13:10:15.914716,3,0
2024-12-21 13:10:17.694967,0,0
2024-12-21 13:10:20.025302,2,0
2024-12-21 13:10:20.925566,3,0
2024-12-21 13:10:22.719274,0,0
2024-12-21 13:10:25.035251,2,0
2024-12-21 13:10:25.93499,3,0
2024-12-21 13:10:27.70435,0,0
2024-12-21 13:10:30.035179,2,0
2024-12-21 13:10:30.944828,3,0
2024-12-21 13:10:32.719172,0,0
2024-12-21 13:10:35.040407,2,0
2024-12-21 13:10:35.961637,3,0
2024-12-21 13:10:37.775807,0,0
2024-12-21 13:10:40.057382,2,0
2024-12-21 13:10:40.955551,3,0
2024-12-21 13:10:42.725122,0,0
2024-12-21 13:10:45.050843,2,0
2024-12-21 13:10:45.946211,3,0
2024-12-21 13:10:47.736002,0,0
2024-12-21 13:10:50.126085,2,0
2024-12-21 13:10:50.959999,3,0
2024-12-21 13:10:52.75571,0,0
2024-12-21 13:10:55.016543,2,0
2024-12-21 13:10:56.005181,3,0
2024-12-21 13:10:57.795386,0,0
2024-12-21 13:11:00.137522,2,0
2024-12-21 13:11:01.015669,3,0
2024-12-21 13:11:02.766523,0,0
2024-12-21 13:11:05.036372,2,0
2024-12-21 13:11:06.065864,3,0
2024-12-21 13:11:07.765313,0,0
2024-12-21 13:11:10.02756,2,0
2024-12-21 13:11:10.980972,3,0
2024-12-21 13:11:12.775789,0,0
2024-12-21 13:11:15.056506,2,0
2024-12-21 13:11:15.986664,3,0
2024-12-21 13:11:17.775485,0,0
2024-12-21 13:11:20.026384,2,0
2024-12-21 13:11:20.98663,3,0
2024-12-21 13:11:22.795684,0,0
2024-12-21 13:11:25.056586,2,0
2024-12-21 13:11:26.075827,3,0
2024-12-21 13:11:27.780765,0,0
2024-12-21 13:11:30.050562,2,0
2024-12-21 13:11:31.030524,3,0
2024-12-21 13:11:32.836037,0,0
2024-12-21 13:11:35.050449,2,0
2024-12-21 13:11:36.011132,3,0
2024-12-21 13:11:37.795365,0,0
2024-12-21 13:11:37.905521,0,960
2024-12-21 13:11:40.051212,2,0
2024-12-21 13:11:41.030703,3,0
2024-12-21 13:11:42.871304,0,0
2024-12-21 13:11:45.076084,2,0
2024-12-21 13:11:46.026314,3,0
2024-12-21 13:11:51.036565,3,0
2024-12-21 13:11:52.875788,0,0
2024-12-21 13:11:55.077085,2,0
2024-12-21 13:11:56.096358,3,0
2024-12-21 13:12:00.156006,2,0
2024-12-21 13:12:01.111309,3,0
2024-12-21 13:12:02.886389,0,0
2024-12-21 13:12:07.855203,0,0
2024-12-21 13:12:10.147024,2,0
2024-12-21 13:12:11.077094,3,0
2024-12-21 13:12:12.8262,0,0
2024-12-21 13:12:20.137125,2,0
2024-12-21 13:12:21.007621,3,0
2024-12-21 14:11:43.759467,3,0
2024-12-21 14:11:52.894361,2,0
2024-12-21 14:11:53.779544,3,0
2024-12-21 14:11:58.389154,0,0
2024-12-21 14:12:02.834207,2,0
2024-12-21 14:12:03.385143,0,0
2024-12-21 14:12:07.854638,2,0
2024-12-21 14:12:08.769968,3,0
2024-12-21 14:12:13.411091,0,0
2024-12-21 14:12:22.885402,2,0
2024-12-21 14:12:28.419706,0,0
2024-12-21 14:12:28.83065,3,0
2024-12-21 14:12:31.74588,0,17
2024-12-21 14:12:37.996133,0,50
2024-12-21 14:12:38.935789,3,0
2024-12-21 14:12:42.935959,0,0
2024-12-21 14:12:43.99541,3,0
2024-12-21 14:12:46.705694,0,16
2024-12-21 14:12:47.906191,2,0
2024-12-21 14:12:48.887019,3,0
2024-12-21 14:12:50.745636,0,14
2024-12-21 14:12:54.940471,0,14
2024-12-21 14:12:57.695594,0,20
2024-12-21 14:12:57.925963,2,0
2024-12-21 14:12:58.845075,3,0
2024-12-21 14:13:05.607704,0,0
2024-12-21 14:13:08.865827,3,0
2024-12-21 14:13:10.636498,0,0
2024-12-21 14:13:13.007276,2,0
2024-12-21 14:13:15.607166,0,0
2024-12-21 14:13:17.891106,2,0
2024-12-21 14:13:18.855649,3,0
2024-12-21 14:13:23.875738,3,0
2024-12-21 14:13:27.90754,2,0
2024-12-21 14:13:27.987084,0,0
2024-12-21 14:13:32.947778,0,0
2024-12-21 14:13:37.928617,2,0
2024-12-21 14:13:37.935653,0,0
2024-12-21 14:13:47.926785,2,0
2024-12-21 14:13:47.941692,0,0
2024-12-21 14:13:48.867275,3,0
2024-12-21 14:13:52.916571,2,0
2024-12-21 14:13:57.947127,2,0
2024-12-21 14:14:03.875627,3,0
2024-12-21 14:14:07.956258,2,0
2024-12-21 14:14:08.896401,3,0
2024-12-21 14:14:12.956918,2,0
2024-12-21 14:14:17.052715,0,0
2024-12-21 14:14:17.968029,2,0
2024-12-21 14:14:18.887421,3,0
2024-12-21 14:14:22.4521,0,16
2024-12-21 14:14:24.747265,0,25
2024-12-21 14:14:26.731007,0,30
2024-12-21 14:14:28.626493,0,32
2024-12-21 14:14:30.662074,0,28
2024-12-21 14:14:33.913534,3,0
2024-12-21 14:14:42.973154,2,0
2024-12-21 14:14:43.592629,0,0
2024-12-21 14:14:48.002354,2,0
2024-12-21 14:14:48.927157,3,0
2024-12-21 14:14:58.673618,0,0
2024-12-21 14:15:03.622604,0,0
2024-12-21 14:15:13.018259,2,0
2024-12-21 14:15:13.613165,0,0
2024-12-21 14:15:18.982832,3,0
2024-12-21 14:15:23.633828,0,0
2024-12-21 14:15:32.993171,2,0
2024-12-21 14:15:37.973484,0,0
2024-12-21 14:15:37.988038,2,0
2024-12-21 14:15:39.043856,3,0
2024-12-21 14:15:48.092855,0,0
2024-12-21 14:15:54.034202,3,0
2024-12-21 14:15:54.763718,0,22
2024-12-21 14:15:57.334709,0,23
2024-12-21 14:15:58.997535,3,0
2024-12-21 14:16:00.634239,0,18
2024-12-21 14:16:03.030723,2,0
2024-12-21 14:16:03.949295,3,0
2024-12-21 14:16:04.383702,0,16
2024-12-21 14:16:07.85389,0,17
2024-12-21 14:16:08.963422,3,0
2024-12-21 14:16:13.973797,3,0
2024-12-21 14:16:18.599828,0,0
2024-12-21 14:16:18.973588,3,0
2024-12-21 14:16:28.658462,0,0
2024-12-21 14:16:33.804437,0,0
2024-12-21 14:16:34.008173,3,0
2024-12-21 14:16:38.075663,2,0
2024-12-21 14:16:38.603505,0,0
2024-12-21 14:16:44.013538,3,0
2024-12-21 14:16:48.093464,2,0
2024-12-21 14:35:19.873094,3,0
2024-12-21 14:35:23.923719,2,0
2024-12-21 14:35:24.994606,3,0
2024-12-21 14:35:29.018499,2,0
2024-12-21 14:35:29.93444,3,0
2024-12-21 14:35:31.463394,0,0
2024-12-21 14:35:33.934505,2,0
2024-12-21 14:35:34.8836,3,0
2024-12-21 14:35:36.383296,0,0
2024-12-21 14:35:38.904119,2,0
2024-12-21 14:35:40.008937,3,0
2024-12-21 14:35:43.964274,2,0
2024-12-21 14:35:44.898396,3,0
2024-12-21 14:35:49.888771,3,0
2024-12-21 14:35:54.894257,3,0
2024-12-21 14:35:56.403699,0,0
2024-12-21 14:35:58.914611,2,0
2024-12-21 14:35:59.924626,3,0
2024-12-21 14:36:01.414125,0,0
2024-12-21 14:36:03.990035,2,0
2024-12-21 14:36:04.915904,3,0
2024-12-21 14:36:06.394396,0,0
2024-12-21 14:36:08.954001,2,0
2024-12-21 14:36:09.93538,3,0
2024-12-21 14:36:11.424374,0,0
2024-12-21 14:36:13.981196,2,0
2024-12-21 14:36:14.944934,3,0
2024-12-21 14:36:16.443687,0,0
2024-12-21 14:36:19.00949,2,0
2024-12-21 14:36:19.943898,3,0
2024-12-21 14:36:21.40469,0,0
2024-12-21 14:36:24.027121,2,0
2024-12-21 14:36:24.933926,3,0
2024-12-21 14:36:26.444161,0,0
2024-12-21 14:36:28.995382,2,0
2024-12-21 14:36:29.955317,3,0
2024-12-21 14:36:31.445138,0,0
2024-12-21 14:36:34.015515,2,0
2024-12-21 14:36:34.906141,3,0
2024-12-21 14:36:36.43431,0,0
2024-12-21 14:36:39.00657,2,0
2024-12-21 14:36:39.915402,3,0
2024-12-21 14:36:41.444147,0,0
2024-12-21 14:36:44.075376,2,0
2024-12-21 14:36:44.894612,3,0
2024-12-21 14:36:46.465648,0,0
2024-12-21 14:36:49.01488,2,0
2024-12-21 14:36:49.935257,3,0
2024-12-21 14:36:51.444243,0,0
2024-12-21 14:36:54.055874,2,0
2024-12-21 14:36:54.929078,3,0
2024-12-21 14:36:56.464302,0,0
2024-12-21 13:11:47.871754,0,0
2024-12-21 13:11:50.086514,2,0
2024-12-21 13:11:57.886027,0,0
2024-12-21 13:12:05.116386,2,0
2024-12-21 13:12:06.090917,3,0
2024-12-21 13:12:15.096298,2,0
2024-12-21 13:12:15.986691,3,0
2024-12-21 13:12:17.841107,0,0
2024-12-21 13:12:22.235825,0,13
2024-12-21 13:34:32.089815,3,0
2024-12-21 13:34:34.153796,0,15
2024-12-21 13:34:36.150038,2,0
2024-12-21 13:34:37.084784,3,0
2024-12-21 13:34:38.706298,0,13
2024-12-21 13:34:41.225199,2,0
2024-12-21 13:34:42.089415,3,0
2024-12-21 13:34:43.608516,0,0
2024-12-21 13:34:45.56986,0,30
2024-12-21 13:34:46.181209,2,0
2024-12-21 13:34:47.050594,3,0
2024-12-21 13:34:49.034515,0,17
2024-12-21 13:34:51.165023,2,0
2024-12-21 13:34:51.648905,0,22
2024-12-21 13:34:52.099884,3,0
2024-12-21 13:34:54.119062,0,24
2024-12-21 13:34:56.185932,2,0
2024-12-21 13:34:56.449401,0,25
2024-12-21 13:34:57.190348,3,0
2024-12-21 13:34:58.939368,0,24
2024-12-21 13:35:01.165611,2,0
2024-12-21 13:35:02.395033,3,0
2024-12-21 13:35:02.403849,0,17
2024-12-21 13:35:06.20551,2,0
2024-12-21 13:35:06.847473,0,13
2024-12-21 13:35:07.0661,3,0
2024-12-21 13:35:09.815853,0,20
2024-12-21 13:35:11.13469,2,0
2024-12-21 13:35:12.055249,3,0
2024-12-21 13:35:12.445544,0,22
2024-12-21 13:35:15.585127,0,19
2024-12-21 13:35:16.130651,2,0
2024-12-21 13:35:17.065294,3,0
2024-12-21 13:35:20.615092,0,0
2024-12-21 13:35:21.155309,2,0
2024-12-21 13:35:22.135014,3,0
2024-12-21 13:35:25.63474,0,0
2024-12-21 13:35:26.150505,2,0
2024-12-21 13:35:27.105549,3,0
2024-12-21 13:35:30.625262,0,0
2024-12-21 13:35:31.170658,2,0
2024-12-21 13:35:32.161414,3,0
2024-12-21 13:35:35.645575,0,0
2024-12-21 13:35:36.145896,2,0
2024-12-21 13:35:37.130257,3,0
2024-12-21 13:35:40.644468,0,0
2024-12-21 13:35:41.176275,2,0
2024-12-21 13:35:42.106578,3,0
2024-12-21 13:35:45.650974,0,0
2024-12-21 13:35:46.175196,2,0
2024-12-21 13:35:47.175575,3,0
2024-12-21 13:35:50.654832,0,0
2024-12-21 13:35:51.195632,2,0
2024-12-21 13:35:52.146681,3,0
2024-12-21 13:35:55.66502,0,0
2024-12-21 13:35:56.19541,2,0
2024-12-21 13:35:57.146769,3,0
2024-12-21 13:36:00.670454,0,0
2024-12-21 13:36:01.197846,2,0
2024-12-21 13:36:02.128931,3,0
2024-12-21 13:36:05.685455,0,0
2024-12-21 13:36:06.196325,2,0
2024-12-21 13:36:07.130406,3,0
2024-12-21 13:36:10.694978,0,0
2024-12-21 13:36:11.255984,2,0
2024-12-21 13:36:12.15632,3,0
2024-12-21 13:36:15.679951,0,0
2024-12-21 13:36:16.222951,2,0
2024-12-21 13:36:17.136051,3,0
2024-12-21 13:36:20.636191,0,0
2024-12-21 13:36:21.287434,2,0
2024-12-21 13:36:22.149431,3,0
2024-12-21 13:36:25.665359,0,0
2024-12-21 13:36:26.225263,2,0
2024-12-21 13:36:27.156821,3,0
2024-12-21 13:36:30.655429,0,0
2024-12-21 13:36:31.216689,2,0
2024-12-21 13:36:32.176156,3,0
2024-12-21 13:36:35.670593,0,0
2024-12-21 13:36:36.232176,2,0
2024-12-21 13:36:37.166349,3,0
2024-12-21 13:36:40.66105,0,0
2024-12-21 13:36:41.296575,2,0
2024-12-21 13:36:42.171981,3,0
2024-12-21 13:36:45.685687,0,0
2024-12-21 13:36:45.760754,0,2560
2024-12-21 13:36:46.2312,2,0
2024-12-21 13:36:47.146276,3,0
2024-12-21 13:36:50.715826,0,0
2024-12-21 13:36:51.281252,2,0
2024-12-21 13:36:52.141643,3,0
2024-12-21 13:36:55.731321,0,0
2024-12-21 13:36:56.256103,2,0
2024-12-21 13:36:57.146601,3,0
2024-12-21 13:37:00.725957,0,0
2024-12-21 13:37:01.266513,2,0
2024-12-21 13:37:02.161247,3,0
2024-12-21 13:37:05.68651,0,0
2024-12-21 13:37:06.216418,2,0
2024-12-21 13:37:07.276305,3,0
2024-12-21 13:37:10.71627,0,0
2024-12-21 13:37:11.279697,2,0
2024-12-21 13:37:12.165863,3,0
2024-12-21 13:37:15.695729,0,0
2024-12-21 13:37:16.228554,2,0
2024-12-21 13:37:17.166003,3,0
2024-12-21 13:37:20.70732,0,0
2024-12-21 13:37:21.298842,2,0
2024-12-21 13:37:22.206258,3,0
2024-12-21 13:37:25.726506,0,0
2024-12-21 13:37:26.226646,2,0
2024-12-21 13:37:27.196485,3,0
2024-12-21 13:37:30.72753,0,0
2024-12-21 13:37:31.24599,2,0
2024-12-21 13:37:32.182884,3,0
2024-12-21 13:37:35.730876,0,0
2024-12-21 13:37:36.261457,2,0
2024-12-21 13:37:37.19654,3,0
2024-12-21 13:37:39.986476,0,14
2024-12-21 13:37:41.256817,2,0
2024-12-21 13:37:42.212817,3,0
2024-12-21 13:37:44.956164,0,0
2024-12-21 13:37:46.259714,2,0
2024-12-21 13:37:47.216589,3,0
2024-12-21 13:37:49.95741,0,0
2024-12-21 13:37:51.276403,2,0
2024-12-21 13:37:52.226702,3,0
2024-12-21 13:37:54.961936,0,0
2024-12-21 13:37:56.27244,2,0
2024-12-21 13:37:57.226881,3,0
2024-12-21 13:37:59.986091,0,0
2024-12-21 13:38:01.268039,2,0
2024-12-21 13:38:02.223151,3,0
2024-12-21 13:38:04.976185,0,0
2024-12-21 13:38:06.293335,2,0
2024-12-21 13:38:07.223274,3,0
2024-12-21 13:38:09.981071,0,0
2024-12-21 13:38:11.293222,2,0
2024-12-21 13:38:12.233126,3,0
2024-12-21 13:38:15.033019,0,0
2024-12-21 13:38:16.373587,2,0
2024-12-21 13:38:17.233078,3,0
2024-12-21 13:38:19.992388,0,0
2024-12-21 14:11:48.754449,3,0
2024-12-21 14:11:53.390656,0,0
2024-12-21 14:11:57.844872,2,0
2024-12-21 14:11:58.764626,3,0
2024-12-21 14:12:03.765545,3,0
2024-12-21 14:36:59.124597,2,0
2024-12-21 14:37:14.940531,3,0
2024-12-21 14:37:15.135801,0,16
2024-12-21 14:37:19.04495,2,0
2024-12-21 14:37:25.025532,3,0
2024-12-21 14:37:29.015813,2,0
2024-12-21 14:37:30.100464,0,0
2024-12-21 14:37:33.996314,2,0
2024-12-21 14:37:35.055859,3,0
2024-12-21 14:37:39.046752,2,0
2024-12-21 14:37:39.98542,3,0
2024-12-21 14:37:45.124805,0,0
2024-12-21 14:37:49.041053,2,0
2024-12-21 14:37:49.995851,3,0
2024-12-21 14:37:54.036391,2,0
2024-12-21 14:37:54.996014,3,0
2024-12-21 14:38:05.190043,0,0
2024-12-21 14:38:10.027969,3,0
2024-12-21 14:38:15.16523,0,0
2024-12-21 14:38:20.061018,3,0
2024-12-21 14:38:20.164889,0,0
2024-12-21 14:38:24.065934,2,0
2024-12-21 14:38:29.056228,2,0
2024-12-21 14:38:30.056936,3,0
2024-12-21 14:38:30.180174,0,0
2024-12-21 14:38:34.146727,2,0
2024-12-21 14:38:35.245954,0,0
2024-12-21 14:38:39.085934,2,0
2024-12-21 14:38:40.001431,3,0
2024-12-21 14:38:45.016673,3,0
2024-12-21 14:38:45.210708,0,0
2024-12-21 14:38:49.266803,2,0
2024-12-21 14:38:50.027248,3,0
2024-12-21 14:38:59.106059,2,0
2024-12-21 14:39:00.051161,3,0
2024-12-21 14:39:05.216678,0,0
2024-12-21 14:39:09.116297,2,0
2024-12-21 14:39:10.046606,3,0
2024-12-21 14:39:10.330636,0,0
2024-12-21 14:39:14.116727,2,0
2024-12-21 14:39:15.041895,3,0
2024-12-21 14:39:24.136909,2,0
2024-12-21 14:39:25.056889,3,0
2024-12-21 14:39:25.166471,0,0
2024-12-21 14:39:29.096404,2,0
2024-12-21 14:39:30.060965,3,0
2024-12-21 14:39:39.152915,2,0
2024-12-21 14:39:40.20179,0,0
2024-12-21 14:39:49.12225,2,0
2024-12-21 14:39:50.196423,3,0
2024-12-21 14:39:50.216912,0,0
2024-12-21 14:39:54.126538,2,0
2024-12-21 14:39:55.217957,0,0
2024-12-21 14:39:57.351471,0,28
2024-12-21 14:40:00.10254,3,0
2024-12-21 14:40:02.382797,0,0
2024-12-21 14:40:04.140251,2,0
2024-12-21 14:40:05.122626,3,0
2024-12-21 14:40:07.413578,0,0
2024-12-21 14:40:09.13846,2,0
2024-12-21 14:40:12.343623,0,0
2024-12-21 14:40:15.103298,3,0
2024-12-21 14:40:17.317314,0,0
2024-12-21 14:40:19.15542,2,0
2024-12-21 14:40:22.327473,0,0
2024-12-21 14:40:25.193319,3,0
2024-12-21 14:40:29.172895,2,0
2024-12-21 14:40:32.372984,0,0
2024-12-21 14:40:34.173126,2,0
2024-12-21 14:36:59.944317,3,0
2024-12-21 14:37:01.464474,0,0
2024-12-21 14:37:04.025595,2,0
2024-12-21 14:37:04.940533,3,0
2024-12-21 14:37:06.465631,0,0
2024-12-21 14:37:09.014638,2,0
2024-12-21 14:37:09.94631,3,0
2024-12-21 14:37:11.484666,0,0
2024-12-21 14:37:14.044983,2,0
2024-12-21 14:37:20.195487,3,0
2024-12-21 14:37:20.260116,0,0
2024-12-21 14:37:24.050192,2,0
2024-12-21 14:37:25.124776,0,0
2024-12-21 14:37:29.985221,3,0
2024-12-21 14:37:35.104957,0,0
2024-12-21 14:37:40.125202,0,0
2024-12-21 14:37:44.035758,2,0
2024-12-21 14:37:45.015954,3,0
2024-12-21 14:37:50.234713,0,0
2024-12-21 14:37:55.135246,0,0
2024-12-21 14:37:59.016001,2,0
2024-12-21 14:38:00.028337,3,0
2024-12-21 14:38:00.143598,0,0
2024-12-21 14:38:04.055261,2,0
2024-12-21 14:38:05.02625,3,0
2024-12-21 14:38:09.12571,2,0
2024-12-21 14:38:10.148042,0,0
2024-12-21 14:38:14.055719,2,0
2024-12-21 14:38:15.02575,3,0
2024-12-21 14:38:19.076163,2,0
2024-12-21 14:38:25.056375,3,0
2024-12-21 14:38:25.166636,0,0
2024-12-21 14:38:35.06377,3,0
2024-12-21 14:38:40.185665,0,0
2024-12-21 14:38:44.205875,2,0
2024-12-21 14:38:50.205715,0,0
2024-12-21 14:38:54.09669,2,0
2024-12-21 14:38:55.096969,3,0
2024-12-21 14:38:55.196167,0,0
2024-12-21 14:39:00.19536,0,0
2024-12-21 14:39:04.13648,2,0
2024-12-21 14:39:05.027156,3,0
2024-12-21 14:39:15.221559,0,0
2024-12-21 14:39:19.126608,2,0
2024-12-21 14:39:20.065929,3,0
2024-12-21 14:39:20.222198,0,0
2024-12-21 14:39:30.255476,0,0
2024-12-21 14:39:34.106785,2,0
2024-12-21 14:39:35.076239,3,0
2024-12-21 14:39:35.216124,0,0
2024-12-21 14:39:40.136873,3,0
2024-12-21 14:39:44.099088,2,0
2024-12-21 14:39:45.082565,3,0
2024-12-21 14:39:45.216207,0,0
2024-12-21 14:39:55.102442,3,0
2024-12-21 14:39:59.113466,2,0
2024-12-21 14:40:10.104624,3,0
2024-12-21 14:40:14.142726,2,0
2024-12-21 14:40:20.133512,3,0
2024-12-21 14:40:24.163609,2,0
2024-12-21 14:40:27.412479,0,0
2024-12-21 14:40:30.137879,3,0
2024-12-21 14:40:35.202928,3,0
2024-12-21 14:40:37.342173,0,0
2024-12-21 14:40:39.288234,2,0
2024-12-21 14:40:40.143265,3,0
2024-12-21 14:40:42.393274,0,0
2024-12-21 14:40:44.274249,2,0
2024-12-21 14:40:45.09334,3,0
2024-12-21 14:40:47.362846,0,0
2024-12-21 17:19:50.615705,0,0
2024-12-21 17:19:51.458901,0,75
2024-12-21 17:19:51.619193,2,0
2024-12-21 17:19:56.418832,0,0
2024-12-21 17:19:56.503236,2,0
2024-12-21 17:19:57.458726,3,0
2024-12-21 17:20:01.410658,0,0
2024-12-21 17:20:01.507851,2,0
2024-12-21 17:20:02.475979,3,0
2024-12-21 17:20:02.831061,0,42
2024-12-21 17:20:06.567772,2,0
2024-12-21 17:20:07.531511,3,0
2024-12-21 17:20:07.938544,0,0
2024-12-21 17:20:11.516829,2,0
2024-12-21 17:20:12.108982,0,14
2024-12-21 17:20:12.481829,3,0
2024-12-21 17:20:16.525393,2,0
2024-12-21 17:20:17.057611,0,0
2024-12-21 17:20:17.488574,3,0
2024-12-21 17:20:18.801569,0,33
2024-12-21 17:20:21.118867,0,26
2024-12-21 17:20:21.588482,2,0
2024-12-21 17:20:22.514174,3,0
2024-12-21 17:20:22.863836,0,35
2024-12-21 17:20:24.366335,0,39
2024-12-21 17:20:25.713364,0,42
2024-12-21 17:20:26.483245,2,0
2024-12-21 17:20:27.027479,0,45
2024-12-21 17:20:27.524154,3,0
2024-12-21 17:20:28.363903,0,47
2024-12-21 17:20:29.545629,0,46
2024-12-21 17:20:30.888769,0,44
2024-12-21 17:20:31.497523,2,0
2024-12-21 17:20:32.378507,0,41
2024-12-21 17:20:32.52268,3,0
2024-12-21 17:20:33.987204,0,36
2024-12-21 17:20:36.500122,2,0
2024-12-21 17:20:37.457727,3,0
2024-12-21 17:20:39.011967,0,0
2024-12-21 17:20:41.506337,2,0
2024-12-21 17:20:42.476609,3,0
2024-12-21 17:20:43.996614,0,0
2024-12-21 17:20:46.492218,2,0
2024-12-21 17:20:47.471589,3,0
2024-12-21 17:20:49.012158,0,0
2024-12-21 17:20:51.517621,2,0
2024-12-21 17:20:52.466932,3,0
2024-12-21 17:20:54.031859,0,0
2024-12-21 17:20:56.557391,2,0
2024-12-21 17:20:57.486263,3,0
2024-12-21 17:20:59.01741,0,0
2024-12-21 17:21:01.556995,2,0
2024-12-21 17:21:02.482329,3,0
2024-12-21 17:21:04.036683,0,0
2024-12-21 17:21:06.557401,2,0
2024-12-21 17:21:07.517268,3,0
2024-12-21 17:21:09.037255,0,0
2024-12-21 17:21:11.541817,2,0
2024-12-21 17:21:12.521736,3,0
2024-12-21 17:21:12.696749,0,16
2024-12-21 17:21:16.58753,2,0
2024-12-21 17:21:17.361401,0,12
2024-12-21 17:21:17.511845,3,0
2024-12-21 17:21:21.541356,2,0
2024-12-21 17:21:22.36697,0,0
2024-12-21 17:21:22.538496,3,0
2024-12-21 17:21:26.552156,2,0
2024-12-21 17:21:27.367257,0,0
2024-12-21 17:21:27.522208,3,0
2024-12-21 17:21:31.571729,2,0
2024-12-21 17:21:32.386476,0,0
2024-12-21 17:21:32.577315,3,0
2024-12-21 17:21:36.57192,2,0
2024-12-21 17:21:37.403548,0,0
2024-12-21 17:21:37.552201,3,0
2024-12-21 17:21:41.573915,2,0
2024-12-21 17:21:42.342595,0,0
2024-12-21 17:21:42.537215,3,0
2024-12-21 17:21:43.253406,0,69
2024-12-21 17:21:46.491599,0,18
2024-12-21 17:21:46.582044,2,0
2024-12-21 17:21:47.622607,3,0
2024-12-21 17:21:51.63775,0,0
2024-12-21 17:21:51.638116,2,0
2024-12-21 17:21:52.567194,3,0
2024-12-21 17:21:53.08768,0,37
2024-12-21 17:21:55.48062,0,31
2024-12-21 17:21:56.681755,2,0
2024-12-21 17:21:59.091959,0,26
2024-12-21 17:22:02.787948,0,20
2024-12-21 17:22:11.62203,2,0
2024-12-21 17:22:12.027227,0,0
2024-12-21 17:22:12.611728,3,0
2024-12-21 17:22:16.607158,2,0
2024-12-21 17:21:56.787421,0,33
2024-12-21 17:21:57.607102,3,0
2024-12-21 17:22:02.787327,2,0
2024-12-21 17:22:02.791953,3,0
2024-12-21 17:22:07.422931,2,0
2024-12-21 17:22:07.430802,0,0
2024-12-21 17:22:07.575012,3,0
2024-12-21 17:53:01.73444,0,24
2024-12-21 17:53:04.925093,0,19
2024-12-21 17:53:07.644888,0,21
2024-12-21 17:53:08.014811,2,0
2024-12-21 17:53:08.944719,3,0
2024-12-21 17:53:09.795222,0,28
2024-12-21 17:53:11.74986,0,31
2024-12-21 17:53:13.024561,2,0
2024-12-21 17:53:13.365161,0,34
2024-12-21 17:53:13.954823,3,0
2024-12-21 17:53:15.135401,0,36
2024-12-21 17:53:16.739951,0,36
2024-12-21 17:53:18.015499,2,0
2024-12-21 17:53:18.351309,0,35
2024-12-21 17:53:18.958963,3,0
2024-12-21 17:53:20.174838,0,32
2024-12-21 17:53:22.274719,0,28
2024-12-21 17:53:23.034933,2,0
2024-12-21 17:53:23.989587,3,0
2024-12-21 17:53:27.296326,0,0
2024-12-21 17:53:28.089456,2,0
2024-12-21 17:53:28.989776,3,0
2024-12-21 17:53:32.265997,0,0
2024-12-21 17:53:33.044099,2,0
2024-12-21 17:53:34.005199,3,0
2024-12-21 17:53:37.291414,0,0
2024-12-21 17:53:38.034922,2,0
2024-12-21 17:53:38.994785,3,0
2024-12-21 17:53:42.295265,0,0
2024-12-21 17:53:43.050089,2,0
2024-12-21 17:53:43.994665,3,0
2024-12-21 17:53:47.27508,0,0
2024-12-21 17:53:48.065228,2,0
2024-12-21 17:53:49.010784,3,0
2024-12-21 17:53:52.315603,0,0
2024-12-21 17:53:53.074933,2,0
2024-12-21 17:53:54.01534,3,0
2024-12-21 17:53:57.315623,0,0
2024-12-21 17:53:58.075489,2,0
2024-12-21 17:53:59.076168,3,0
2024-12-21 17:54:01.603479,0,14
2024-12-21 17:54:03.07578,2,0
2024-12-21 17:54:04.08564,3,0
2024-12-21 17:54:04.900371,0,18
2024-12-21 17:54:08.090304,2,0
2024-12-21 17:54:09.095568,3,0
2024-12-21 17:54:09.875677,0,0
2024-12-21 17:54:13.155589,2,0
2024-12-21 17:54:13.737049,0,15
2024-12-21 17:54:14.050254,3,0
2024-12-21 17:54:15.926093,0,26
2024-12-21 17:54:18.110314,2,0
2024-12-21 17:54:18.115257,0,28
2024-12-21 17:54:19.025072,3,0
2024-12-21 17:54:20.035648,0,30
2024-12-21 17:54:21.936875,0,32
2024-12-21 17:54:23.105339,2,0
2024-12-21 17:54:23.806534,0,32
2024-12-21 17:54:24.17514,3,0
2024-12-21 17:54:25.551472,0,33
2024-12-21 17:54:27.526276,0,31
2024-12-21 17:54:28.115015,2,0
2024-12-21 17:54:29.055313,3,0
2024-12-21 17:54:29.611067,0,27
2024-12-21 17:54:32.021124,0,24
2024-12-21 17:54:33.169995,2,0
2024-12-21 17:54:34.055557,3,0
2024-12-21 17:54:34.656188,0,22
2024-12-21 17:54:37.527122,0,21
2024-12-21 17:54:38.065618,2,0
2024-12-21 17:54:39.066545,3,0
2024-12-21 17:54:40.400642,0,20
2024-12-21 17:54:43.070468,2,0
2024-12-21 17:54:43.876134,0,17
2024-12-21 17:54:44.131772,3,0
2024-12-21 17:54:47.775921,0,15
2024-12-21 17:54:48.085457,2,0
2024-12-21 17:54:49.09565,3,0
2024-12-21 17:54:50.125809,0,24
2024-12-21 17:54:52.970774,0,21
2024-12-21 17:54:53.126308,2,0
2024-12-21 17:54:54.085845,3,0
2024-12-21 17:54:57.946319,0,0
2024-12-21 17:54:58.095973,2,0
2024-12-21 17:54:59.087818,3,0
2024-12-21 17:55:00.816583,0,21
2024-12-21 17:55:03.090654,2,0
2024-12-21 17:55:04.105136,3,0
2024-12-21 17:55:05.767682,0,0
2024-12-21 17:55:08.096255,2,0
2024-12-21 17:55:09.101397,3,0
2024-12-21 17:55:10.776711,0,0
2024-12-21 17:55:13.095956,2,0
2024-12-21 17:55:14.115788,3,0
2024-12-21 17:55:15.727529,0,0
2024-12-21 17:55:18.178342,2,0
2024-12-21 17:55:19.067108,3,0
2024-12-21 17:55:20.751467,0,0
2024-12-21 17:55:23.176065,2,0
2024-12-21 17:55:24.125373,3,0
2024-12-21 17:55:25.727763,0,0
2024-12-21 17:55:28.127585,2,0
2024-12-21 17:55:29.075571,3,0
2024-12-21 17:55:30.727443,0,0
2024-12-21 17:55:33.187168,2,0
2024-12-21 17:55:34.075907,3,0
2024-12-21 17:55:35.742026,0,0
2024-12-21 17:55:38.15075,2,0
2024-12-21 17:55:39.146995,3,0
2024-12-21 17:55:40.751659,0,0
2024-12-21 17:55:43.156094,2,0
2024-12-21 17:55:44.097077,3,0
2024-12-21 17:55:45.756454,0,0
2024-12-21 17:55:48.147124,2,0
2024-12-21 17:55:49.112235,3,0
2024-12-21 17:55:50.76722,0,0
2024-12-21 17:55:53.166657,2,0
2024-12-21 17:55:54.115991,3,0
2024-12-21 18:39:36.132872,0,0
2024-12-21 18:39:36.247387,3,0
2024-12-21 18:39:40.133119,2,0
2024-12-21 18:39:41.138309,3,0
2024-12-21 18:39:41.138659,0,0
2024-12-21 18:39:45.157266,2,0
2024-12-21 18:39:46.151893,0,0
2024-12-21 18:39:46.152711,3,0
2024-12-21 18:39:50.157314,2,0
2024-12-21 18:39:51.147939,3,0
2024-12-21 18:39:51.148492,0,0
2024-12-21 18:39:55.172045,2,0
2024-12-21 18:39:56.137738,0,0
2024-12-21 18:39:56.182372,3,0
2024-12-21 18:40:00.177606,2,0
2024-12-21 18:40:01.167465,0,0
2024-12-21 18:40:01.17908,3,0
2024-12-21 18:40:05.237714,2,0
2024-12-21 18:40:06.111984,3,0
2024-12-21 18:40:06.158016,0,0
2024-12-21 18:40:10.188305,2,0
2024-12-21 18:40:11.137564,3,0
2024-12-21 18:40:11.217683,0,0
2024-12-21 18:40:15.199785,2,0
2024-12-21 18:40:16.163706,3,0
2024-12-21 18:40:16.164217,0,0
2024-12-21 18:40:20.203909,2,0
2024-12-21 18:40:21.112528,3,0
2024-12-21 18:40:21.171786,0,0
2024-12-21 18:40:25.208675,2,0
2024-12-21 18:40:26.134168,3,0
2024-12-21 18:40:26.179001,0,0
2024-12-21 18:40:36.145034,3,0
2024-12-21 18:40:40.231111,2,0
2024-12-21 18:40:41.161718,3,0
2024-12-21 18:40:41.194554,0,0
2024-12-21 18:40:45.219642,2,0
2024-12-21 18:40:46.146811,3,0
2024-12-21 18:40:46.213782,0,0
2024-12-21 18:40:50.184125,2,0
2024-12-21 18:40:51.219708,0,0
2024-12-21 18:40:56.218574,0,0
2024-12-21 18:41:00.01232,0,15
2024-12-21 18:41:00.203117,2,0
2024-12-21 18:41:06.177882,3,0
2024-12-21 18:41:09.808667,0,21
2024-12-21 18:41:11.211946,3,0
2024-12-21 18:41:14.792258,0,0
2024-12-21 18:41:16.815483,0,29
2024-12-21 18:41:18.681425,0,32
2024-12-21 18:41:21.492599,3,0
2024-12-21 18:41:21.596139,0,20
2024-12-21 18:41:25.227841,2,0
2024-12-21 18:41:35.312629,2,0
2024-12-21 18:41:36.656432,0,44
2024-12-21 18:41:36.711601,3,0
2024-12-21 18:41:37.501335,0,42
2024-12-21 18:41:38.974635,0,41
2024-12-21 18:41:40.254189,2,0
2024-12-21 18:41:40.335183,0,39
2024-12-21 18:41:41.230639,3,0
2024-12-21 18:40:51.15608,3,0
2024-12-21 18:40:55.184276,2,0
2024-12-21 18:40:56.21794,3,0
2024-12-21 18:41:01.176591,3,0
2024-12-21 18:41:03.72634,0,16
2024-12-21 18:41:05.212299,2,0
2024-12-21 18:41:06.987516,0,18
2024-12-21 18:41:10.19234,2,0
2024-12-21 18:41:15.211336,2,0
2024-12-21 18:41:16.200889,3,0
2024-12-21 18:41:20.261472,2,0
2024-12-21 18:41:23.002174,0,43
2024-12-21 18:41:24.430595,0,43
2024-12-21 18:41:25.757197,0,44
2024-12-21 18:41:26.271919,3,0
2024-12-21 18:41:27.046772,0,46
2024-12-21 18:41:28.335926,0,47
2024-12-21 18:41:29.586735,0,48
2024-12-21 18:41:30.343111,2,0
2024-12-21 18:41:30.892899,0,48
2024-12-21 18:41:31.271974,3,0
2024-12-21 18:41:32.127433,0,48
2024-12-21 18:41:33.3184,0,47
2024-12-21 18:41:34.637604,0,45
2024-12-21 18:41:42.074687,0,35
2024-12-21 18:41:43.911024,0,32
2024-12-21 20:22:29.887598,2,0
2024-12-21 20:22:30.476436,0,0
2024-12-21 20:22:30.887576,3,0
2024-12-21 20:22:34.957314,2,0
2024-12-21 20:22:35.477043,0,0
2024-12-21 20:22:35.86745,3,0
2024-12-21 20:22:39.747335,0,14
2024-12-21 20:22:39.907453,2,0
2024-12-21 20:22:40.912146,3,0
2024-12-21 20:22:42.456949,0,22
2024-12-21 20:22:44.916949,2,0
2024-12-21 20:22:45.316144,0,20
2024-12-21 20:22:45.917,3,0
2024-12-21 20:22:48.517129,0,18
2024-12-21 20:22:49.992552,2,0
2024-12-21 20:22:50.867574,3,0
2024-12-21 20:22:53.41168,0,12
2024-12-21 20:22:54.921831,2,0
2024-12-21 20:22:55.447133,0,29
2024-12-21 20:22:55.88669,3,0
2024-12-21 20:22:57.081365,0,36
2024-12-21 20:22:58.701046,0,37
2024-12-21 20:22:59.921865,2,0
2024-12-21 20:23:00.3372,0,36
2024-12-21 20:23:00.937922,3,0
2024-12-21 20:23:02.031834,0,35
2024-12-21 20:23:03.702157,0,35
2024-12-21 20:23:04.926968,2,0
2024-12-21 20:23:05.401297,0,36
2024-12-21 20:23:05.902328,3,0
2024-12-21 20:23:06.977269,0,39
2024-12-21 20:23:08.371336,0,39
2024-12-21 20:23:09.897228,0,40
2024-12-21 20:23:09.941244,2,0
2024-12-21 20:23:11.013373,3,0
2024-12-21 20:23:11.411976,0,41
2024-12-21 20:23:12.887637,0,40
2024-12-21 20:23:14.297073,0,41
2024-12-21 20:23:14.887778,2,0
2024-12-21 20:23:15.757382,0,43
2024-12-21 20:23:15.897861,3,0
2024-12-21 20:23:17.097501,0,44
2024-12-21 20:23:18.342232,0,45
2024-12-21 20:23:19.686364,0,43
2024-12-21 20:23:19.888635,2,0
2024-12-21 20:23:21.072764,3,0
2024-12-21 20:23:21.087682,0,42
2024-12-21 20:23:22.487057,0,43
2024-12-21 20:23:23.902506,0,42
2024-12-21 20:23:24.897338,2,0
2024-12-21 20:23:25.427058,0,40
2024-12-21 20:23:25.967489,3,0
2024-12-21 20:23:28.517654,0,38
2024-12-21 20:23:29.908428,2,0
2024-12-21 20:23:30.132471,0,36
2024-12-21 20:23:30.89722,3,0
2024-12-21 20:23:32.117189,0,30
2024-12-21 20:23:34.417747,0,25
2024-12-21 20:23:34.912115,2,0
2024-12-21 20:23:35.907717,3,0
2024-12-21 20:23:36.947033,0,24
2024-12-21 20:23:39.327616,0,24
2024-12-21 20:23:40.002652,2,0
2024-12-21 20:23:40.878314,3,0
2024-12-21 20:23:41.79851,0,25
2024-12-21 20:23:44.877414,0,18
2024-12-21 20:23:44.922867,2,0
2024-12-21 20:23:45.877857,3,0
2024-12-21 20:23:49.107124,0,14
2024-12-21 20:23:49.922197,2,0
2024-12-21 20:23:50.863103,3,0
2024-12-21 20:23:54.098086,0,0
2024-12-21 20:23:54.928085,2,0
2024-12-21 20:23:55.872972,3,0
2024-12-21 20:23:59.127444,0,0
2024-12-21 20:23:59.837361,0,81
2024-12-21 20:23:59.938154,2,0
2024-12-21 20:24:00.998098,3,0
2024-12-21 20:24:04.902939,0,0
2024-12-21 20:24:04.963026,2,0
2024-12-21 20:24:05.929157,3,0
2024-12-21 20:24:09.877748,0,0
2024-12-21 20:24:09.948175,2,0
2024-12-21 20:24:10.88819,3,0
2024-12-21 23:46:47.68563,3,0
2024-12-21 23:46:49.265529,2,0
2024-12-21 23:46:50.176124,3,0
2024-12-21 23:46:52.186417,0,0
2024-12-21 23:46:54.276078,2,0
2024-12-21 23:46:55.246194,3,0
2024-12-21 23:46:57.186653,0,0
2024-12-21 23:46:59.270416,2,0
2024-12-21 23:47:00.290465,3,0
2024-12-21 23:47:02.197088,0,0
2024-12-21 23:47:04.336238,2,0
2024-12-21 23:47:05.18651,3,0
2024-12-21 23:47:07.186245,0,0
2024-12-21 23:47:09.306399,2,0
2024-12-21 23:47:10.225946,3,0
2024-12-21 23:47:12.2058,0,0
2024-12-21 23:47:14.301223,2,0
2024-12-21 23:47:15.20168,3,0
2024-12-21 23:47:17.271618,0,0
2024-12-21 23:47:19.296496,2,0
2024-12-21 23:47:20.246625,3,0
2024-12-21 23:47:22.21639,0,0
2024-12-21 23:47:24.291663,2,0
2024-12-21 23:47:25.141347,3,0
2024-12-21 23:47:27.218726,0,0
2024-12-21 23:47:27.562755,0,160
2024-12-21 23:47:29.305611,2,0
2024-12-21 23:47:30.185701,3,0
2024-12-21 23:47:32.60887,0,0
2024-12-21 23:47:34.31818,2,0
2024-12-21 23:47:34.59413,0,30
2024-12-21 23:47:35.162156,3,0
2024-12-21 23:47:39.305603,2,0
2024-12-21 23:47:39.593037,0,0
2024-12-21 23:47:40.225404,3,0
2024-12-21 23:47:41.158594,0,37
2024-12-21 23:47:44.316064,2,0
2024-12-21 23:47:45.251001,3,0
2024-12-21 23:47:46.176571,0,0
2024-12-21 23:47:46.2771,0,1097
2024-12-21 23:47:49.327005,2,0
2024-12-21 23:47:50.295487,3,0
2024-12-21 23:47:51.013009,0,12
2024-12-21 23:47:54.320964,2,0
2024-12-21 23:47:55.19736,3,0
2024-12-21 23:47:56.015955,0,0
2024-12-21 23:47:57.996306,0,30
2024-12-21 23:47:59.345521,2,0
2024-12-21 23:48:00.195641,3,0
2024-12-21 23:48:00.736718,0,21
2024-12-21 23:48:02.981076,0,26
2024-12-21 23:48:04.395798,2,0
2024-12-21 23:48:04.95682,0,30
2024-12-21 23:48:05.196457,3,0
2024-12-21 23:48:09.295715,2,0
2024-12-21 23:48:10.69619,0,29
2024-12-21 23:48:14.286797,2,0
2024-12-21 23:48:18.007525,0,0
2024-12-21 23:48:18.287358,0,210
2024-12-21 23:48:20.216952,3,0
2024-12-21 23:48:27.007706,0,0
2024-12-21 23:48:29.317229,2,0
2024-12-21 23:48:30.24649,3,0
2024-12-21 23:48:34.327058,2,0
2024-12-21 23:48:35.231903,3,0
2024-12-21 23:48:39.343117,2,0
2024-12-21 23:48:42.707563,0,29
2024-12-21 23:48:44.34713,2,0
2024-12-21 23:48:49.577488,0,49
2024-12-21 23:48:51.927682,0,52
2024-12-21 23:48:52.993558,0,54
2024-12-21 23:48:54.054256,0,54
2024-12-21 23:48:55.207458,0,52
2024-12-21 23:48:56.422753,0,49
2024-12-21 23:48:57.7274,0,46
2024-12-21 23:48:59.422145,2,0
2024-12-21 23:49:00.873241,0,37
2024-12-21 23:49:02.442846,0,38
2024-12-21 23:49:04.362266,2,0
2024-12-21 23:49:05.3327,3,0
2024-12-21 23:49:05.703821,0,35
2024-12-21 23:49:08.138061,0,26
2024-12-21 23:48:06.876063,0,31
2024-12-21 23:48:08.666579,0,32
2024-12-21 23:48:10.282614,3,0
2024-12-21 23:48:13.056231,0,25
2024-12-21 23:48:15.206682,3,0
2024-12-21 23:48:19.306895,2,0
2024-12-21 23:48:22.052117,0,16
2024-12-21 23:48:24.317788,2,0
2024-12-21 23:48:25.223094,3,0
2024-12-21 23:48:31.702272,0,13
2024-12-21 23:48:34.157839,0,24
2024-12-21 23:48:36.187755,0,28
2024-12-21 23:48:38.307619,0,28
2024-12-21 23:48:40.306983,3,0
2024-12-21 23:48:40.44759,0,29
2024-12-21 23:48:44.272458,0,32
2024-12-21 23:48:45.316523,3,0
2024-12-21 23:48:45.747765,0,38
2024-12-21 23:48:47.083308,0,44
2024-12-21 23:48:48.343253,0,48
2024-12-21 23:48:49.397172,2,0
2024-12-21 23:48:50.25453,3,0
2024-12-21 23:48:50.753412,0,51
2024-12-21 23:48:54.352511,2,0
2024-12-21 23:48:55.316836,3,0
2024-12-21 23:48:59.348646,0,38
2024-12-21 23:49:00.327524,3,0
2024-12-21 23:49:04.017417,0,38
2024-12-21 23:49:09.422591,2,0
2024-12-21 23:49:10.152579,0,27
2024-12-21 23:49:10.336875,3,0
